img_id_A,img_id_B,f1,f2,f3,f4,f5,f6,f7,f8,f9,t
1129a,1408c,3,0,0,0,2,0,3,1,1,0
1475b,1036c,2,3,1,3,2,0,2,3,0,0
1240a,1383b,2,2,0,0,2,0,2,1,1,0
1091c,1253c,0,4,0,0,0,0,0,2,0,0
0593b,0563c,2,0,0,1,2,1,3,1,0,0
1481a,1458a,3,0,0,2,0,0,1,2,0,0
0521a,0301c,1,0,0,3,2,1,3,1,0,0
0463a,0463b,1,1,1,3,2,0,3,1,0,1
1528c,1490b,1,1,0,0,0,1,0,2,0,0
1296c,1405b,0,0,0,3,0,0,0,1,1,0
1255a,1231a,0,1,0,0,0,0,0,0,1,0
1504c,1504a,1,1,0,1,0,0,3,2,1,1
1421a,1286c,1,1,0,1,0,1,0,0,0,0
1468a,1468b,2,0,0,0,0,0,1,3,0,1
1423a,0440b,1,0,0,1,2,0,1,1,0,0
0561a,1149b,0,3,0,0,0,1,1,1,0,0
1426b,1426c,1,1,0,0,0,2,1,2,0,1
0510c,0510b,3,0,0,2,2,2,2,3,1,1
0411c,0411b,1,1,0,2,0,1,0,3,0,1
1361b,1361a,0,4,0,3,2,0,3,1,0,1
0594a,0594b,3,2,1,3,0,2,1,1,0,1
1386a,1386c,2,0,0,3,0,0,0,1,0,1
0532b,0532c,0,1,0,0,2,1,0,1,1,1
1543a,1543c,2,0,0,1,0,0,0,2,1,1
1303c,1303b,0,3,1,2,0,0,0,1,0,1
0348a,0348c,0,1,1,2,0,1,3,1,0,1
0924a,0594c,2,2,1,1,1,0,1,1,0,0
0496f,0496e,0,3,1,1,0,1,1,0,0,1
1367c,1494c,2,3,0,0,0,3,3,0,0,0
1481a,1481b,1,0,0,0,0,0,1,3,0,1
0314b,0314c,1,1,0,3,0,2,0,2,0,1
1361b,1194a,2,1,0,2,0,1,1,2,1,0
0367a,1309a,2,0,0,0,0,0,0,2,0,0
1411a,1411b,1,1,0,2,0,1,0,0,0,1
0317a,0317c,1,1,0,0,2,2,0,1,1,1
0379b,1547b,1,1,0,1,0,1,0,1,0,0
0576c,0576b,1,3,0,2,2,0,3,2,0,1
0379c,1488c,1,1,0,2,0,0,0,2,0,0
0544a,0506b,2,1,0,2,0,0,1,1,0,0
0496c,1485c,0,0,0,0,0,1,1,2,0,0
1442a,1219b,1,2,0,0,0,1,0,2,0,0
1352b,1447a,0,0,0,0,0,1,1,1,0,0
1267c,1267a,1,1,0,0,0,0,2,1,0,1
1328b,1328c,0,1,0,3,0,0,1,1,1,1
1284a,1284b,1,0,0,3,2,0,1,3,0,1
1504c,1140b,0,1,0,3,2,0,1,0,0,0
0552a,0552c,1,1,0,0,0,0,1,0,1,1
1492a,1492c,0,0,0,0,0,2,0,2,0,1
1429b,1429a,1,1,0,2,2,0,1,1,0,1
0597c,0597b,1,0,0,3,0,1,1,2,0,1
0338b,0340a,1,1,0,3,0,2,1,1,0,0
1344a,1344b,2,3,0,3,0,1,0,1,0,1
1538a,1538b,1,1,0,0,2,1,1,1,0,1
1382a,1431c,1,1,0,3,0,1,0,1,0,0
1540b,1167a,1,1,0,0,0,0,1,1,0,0
1134b,1134c,1,3,0,1,0,0,3,2,0,1
1237b,1237c,1,1,1,1,0,0,0,1,0,1
0555b,0555a,0,3,1,2,1,0,3,2,1,1
1289a,1289b,1,3,0,3,0,1,0,1,0,1
0577a,0577b,0,0,1,3,0,0,1,1,0,1
1368b,1368c,1,0,0,2,2,1,1,4,1,1
1370a,1370b,1,1,0,3,2,0,0,2,0,1
1446b,1446c,2,0,0,2,0,0,0,1,0,1
0492a,0363a,3,4,0,0,0,0,1,3,0,0
1090c,1090a,2,0,0,2,0,1,0,0,1,1
0365a,0365b,2,1,0,3,2,0,0,1,1,1
1441a,1441c,0,0,0,0,0,0,1,0,1,1
1366a,1366c,3,0,0,0,0,1,0,0,1,1
1360b,1360a,1,1,1,2,0,0,0,0,0,1
1461a,0357c,1,2,0,0,2,2,0,0,1,0
0307a,1236b,1,4,0,3,0,0,1,4,0,0
1330a,1330c,2,1,0,1,0,0,1,3,0,1
0355a,1152a,0,2,1,1,0,2,0,1,0,0
0596a,0337a,0,1,0,0,0,0,2,1,1,0
0569b,1363a,0,0,0,1,0,2,1,2,0,0
1254a,1254b,1,0,1,1,0,1,2,0,0,1
0314c,1447b,0,3,0,3,0,2,2,1,1,0
1303a,0516a,1,4,0,0,0,1,0,1,0,0
1309a,1309c,1,0,1,1,2,1,0,0,1,1
1432c,1432b,1,1,0,0,1,0,1,2,0,1
1194a,0471b,3,1,0,1,1,1,1,0,1,0
1463a,1463b,1,0,0,3,0,1,1,0,1,1
1450b,1450c,1,2,0,2,0,2,1,0,0,1
1086b,1086c,2,0,0,0,2,1,0,2,0,1
1411a,0328a,1,1,1,1,0,1,1,1,0,0
0456b,0456c,2,1,0,1,0,1,0,2,1,1
0338b,0338a,0,3,0,3,0,2,0,2,0,1
1336a,1336c,0,0,0,2,0,1,0,0,0,1
0866c,0555a,2,4,1,2,0,0,1,2,0,0
1236b,1475a,2,3,1,0,0,0,0,2,0,0
1140c,1140a,1,0,1,0,0,0,1,2,0,1
0351a,0351b,0,1,1,1,1,0,1,0,0,1
1294a,1294c,2,0,0,3,0,2,1,0,1,1
1259b,1406c,0,0,0,1,2,1,1,0,1,0
0351c,1485b,1,1,0,3,0,1,0,0,1,0
0473c,1343c,1,1,0,2,0,2,2,3,0,0
0333b,0333c,1,1,0,1,0,2,0,0,0,1
0434b,0349a,2,3,0,1,0,1,0,1,0,0
1335a,1335c,0,0,0,3,0,1,2,0,1,1
1294a,0866c,2,0,0,0,2,1,2,2,0,0
0354b,0354a,1,0,0,4,0,2,1,0,0,1
0353b,1416c,1,3,0,2,0,2,0,2,1,0
0401b,0401c,1,3,1,0,2,0,3,2,0,1
0365b,0535b,2,1,0,1,2,0,1,2,1,0
1391c,1391b,1,3,0,0,0,0,0,3,0,1
0556a,0556c,2,0,1,0,0,1,1,4,0,1
0307a,0307c,1,1,0,2,0,0,2,1,0,1
1252a,0335b,0,3,0,3,0,1,1,2,0,0
0381a,1495c,0,1,0,3,2,0,1,1,1,0
1378b,1234a,0,3,0,0,0,0,1,0,0,0
1123b,1123a,2,1,1,1,2,1,0,1,1,1
1262a,0911b,1,1,0,2,0,1,2,3,1,0
0411c,0411a,1,0,0,3,0,0,1,0,0,1
1517a,1517c,1,1,0,1,0,0,1,2,0,1
1181a,1087a,0,2,0,1,0,0,0,0,1,0
1165b,0445a,2,1,0,2,2,0,1,1,0,0
1362a,1362b,1,0,0,0,0,0,0,4,0,1
0307c,1222a,1,0,1,1,0,1,2,0,0,0
0569c,1201a,1,0,0,0,0,0,1,0,0,0
1129c,1129a,2,1,0,3,0,0,3,1,0,1
1377a,0385c,0,0,0,3,1,1,2,1,0,0
1343a,1343c,2,0,0,1,0,0,0,1,1,1
1234a,1234b,0,4,0,2,0,1,0,1,0,1
1300a,1137c,1,1,0,2,0,0,0,2,0,0
1546c,1546a,2,1,1,3,0,0,0,1,1,1
1483b,1483c,2,3,0,1,2,1,0,0,1,1
1382a,1329b,1,1,0,3,0,0,2,3,0,0
1493a,0315a,0,3,1,2,1,1,0,0,0,0
1259b,1259c,1,1,0,3,2,1,0,1,0,1
1144c,1383c,0,0,0,1,2,1,2,2,1,0
1504b,1504a,2,1,0,2,1,1,3,4,0,1
1352b,0355c,1,0,0,2,0,1,2,0,0,0
1330b,1330c,1,1,0,1,0,0,1,1,0,1
1320a,1320c,1,1,0,3,0,1,0,0,0,1
1364b,1364c,1,1,0,3,0,0,0,2,0,1
0518a,0518b,1,0,0,0,0,1,1,1,0,1
1267c,1267b,1,2,0,2,0,0,0,0,1,1
1447c,0441b,1,1,1,1,2,0,1,0,0,0
0375a,1383b,0,2,0,0,2,0,1,2,1,0
1284b,1284c,2,0,0,3,2,1,1,1,0,1
1540c,0445c,1,2,0,3,2,0,1,4,1,0
0350b,1153b,2,3,0,0,0,1,0,2,0,0
1377b,1475c,3,0,0,3,1,1,2,4,0,0
0434b,0434c,1,3,1,2,0,1,0,3,0,1
0535b,0535c,1,2,0,1,0,1,2,1,0,1
1366c,0592c,1,1,0,1,0,1,1,2,1,0
0556b,0556c,0,1,0,0,0,1,0,1,0,1
0327c,0327a,2,0,0,0,0,1,1,2,1,1
0317a,0317b,1,3,0,2,0,1,1,1,1,1
1178a,1178b,0,4,0,0,2,0,3,2,0,1
1152b,1430c,2,1,0,2,0,0,0,0,0,0
0445a,1533b,1,2,0,0,2,1,0,1,0,0
0531a,0531c,1,2,0,0,0,0,0,0,0,1
1329a,1551b,0,0,0,3,0,0,0,2,1,0
1471b,0492c,1,0,0,1,0,1,0,3,0,0
0321b,1414c,2,2,0,2,1,1,0,2,1,0
1268a,0531c,1,3,0,1,2,0,0,1,0,0
1221c,0315b,0,0,1,2,0,1,1,0,0,0
1513b,1513a,0,0,0,0,0,0,0,1,0,1
0353b,1091a,1,0,1,3,0,1,2,2,1,0
1442a,0363c,2,1,0,0,0,0,3,1,0,0
1480c,0421b,2,0,0,0,2,0,1,2,0,0
0537a,0313c,3,0,0,0,0,0,1,0,1,0
1302a,1267a,0,0,0,3,0,0,2,2,1,0
0456b,0456a,2,0,1,1,0,0,0,2,1,1
1493a,1493b,0,3,0,0,1,0,3,0,0,1
0567b,1212a,1,1,0,0,2,0,1,0,0,0
0969a,0969b,0,2,0,0,0,1,0,0,0,1
1378b,0313b,1,0,1,1,0,0,1,3,0,0
1460a,1460b,0,1,0,2,2,0,1,3,0,1
0351c,0351b,0,1,0,1,1,0,0,1,0,1
1531b,1531a,0,1,0,3,0,2,1,0,0,1
1504c,1431a,3,0,0,3,0,0,3,2,1,0
1386b,1386c,0,0,0,3,0,0,0,1,0,1
1194a,1194b,1,3,1,0,0,1,1,1,1,1
0321b,1447b,2,2,0,3,0,0,1,3,1,0
0334c,1353b,1,3,1,1,2,1,0,2,0,0
1097a,1377b,3,1,0,0,1,0,1,4,0,0
0327b,0327a,3,0,0,0,1,2,0,1,0,1
0379b,0379c,1,0,0,2,0,0,0,0,0,1
1413a,1413b,2,0,0,1,0,2,0,1,0,1
1305a,1562b,0,1,0,0,2,0,0,2,0,0
0350b,0350a,1,1,0,3,1,1,0,1,0,1
0571b,0571a,2,3,0,3,0,1,0,1,0,1
1362a,0301b,2,0,0,1,0,1,0,0,0,0
0372b,1521b,2,0,0,0,1,0,2,1,0,0
0357a,0387b,1,2,1,0,2,2,2,1,1,0
1305a,1305b,1,0,0,0,0,0,1,2,0,1
1294a,0392b,0,2,0,0,0,1,2,0,0,0
1547a,1547b,0,4,0,0,0,0,0,0,0,1
1416b,1416a,1,1,0,3,0,1,1,2,0,1
1511b,1511c,1,0,0,1,2,1,1,2,1,1
1358a,1358c,1,3,0,0,1,1,1,3,0,1
0457c,0457b,1,2,1,1,0,0,0,2,1,1
0489c,0489a,0,3,1,1,0,1,0,0,1,1
1259a,1259c,1,3,1,0,2,1,1,2,1,1
0314b,0314a,1,1,0,0,0,1,2,1,1,1
1307a,1494b,1,0,0,3,0,1,1,3,1,0
0521a,0521b,1,0,0,1,1,0,3,0,0,1
1366c,1547c,2,1,0,3,0,1,1,1,1,0
1146a,1146c,3,4,0,3,0,0,0,4,0,1
0546c,0546b,1,1,0,0,1,2,3,0,0,1
1335b,0888c,2,1,0,0,2,0,2,1,1,0
1360b,1360c,2,1,0,2,1,0,1,1,1,1
1565b,1472c,0,1,0,0,2,0,1,1,0,0
0403c,0403a,1,0,2,1,2,1,0,2,1,1
1378a,1363a,3,4,0,2,0,0,2,3,0,0
1201b,1155a,1,1,1,2,0,2,1,4,0,0
0412b,1312a,2,2,1,1,2,0,2,2,1,0
0565a,1492a,1,0,0,0,0,1,1,1,0,0
1431c,0450b,2,1,1,2,2,1,1,2,1,0
0349a,0349b,3,0,0,2,0,1,3,0,0,1
1508b,1508a,1,3,0,0,0,1,2,4,1,1
0405c,0405a,2,0,0,1,0,1,0,0,0,1
1475b,0537b,1,0,0,0,2,0,1,1,0,0
0321a,0321b,1,1,0,0,0,1,0,2,1,1
1365a,0473a,2,2,0,3,2,1,1,2,0,0
1364b,1364a,1,0,0,1,2,0,1,2,0,1
0551c,1219c,1,2,1,1,2,1,0,1,0,0
0600a,0600c,1,0,0,3,0,1,1,3,0,1
1455a,1455c,1,0,0,3,0,0,0,1,0,1
0539b,0539c,1,0,0,0,2,0,3,2,0,1
1320a,1320b,2,0,0,3,0,0,0,3,0,1
1129a,1129b,0,0,0,0,0,0,2,3,1,1
1140c,1402b,1,2,0,1,2,1,1,2,0,0
1489b,1489c,0,3,0,3,0,0,0,1,0,1
1468a,1468c,0,1,0,1,0,0,0,4,0,1
1319b,1319c,1,4,1,3,0,2,1,3,0,1
0550c,1193a,1,4,0,2,0,1,1,3,0,0
1236c,1319a,1,1,0,1,0,1,3,3,0,0
1465a,1465c,2,2,1,2,0,0,3,0,0,1
0518b,0518c,2,3,0,1,2,2,1,2,1,1
1417b,1417a,2,3,1,0,0,0,1,0,0,1
1483c,0466c,2,0,0,1,2,0,2,1,0,0
1482b,1482a,1,3,0,0,0,0,2,1,0,1
1294b,1294c,2,1,0,3,0,3,1,3,0,1
0411b,0411a,2,1,0,1,0,1,1,3,0,1
1445b,1445c,0,0,0,2,0,1,0,0,0,1
1282c,0336c,2,1,1,1,0,0,1,1,1,0
1543a,0550a,0,3,0,3,0,0,0,4,0,0
0405a,1406c,2,0,0,4,2,1,2,0,1,0
1447a,1447b,1,3,0,3,0,1,1,1,1,1
1520a,0969a,1,0,0,2,0,0,1,0,1,0
0429a,1140b,2,0,0,0,2,2,1,2,1,0
1378b,1547a,1,3,0,2,0,1,1,1,0,0
0560c,0514c,2,0,1,2,0,1,1,1,0,0
0368b,0439a,0,1,1,1,2,0,2,0,0,0
0525b,0525c,1,2,1,2,0,1,2,2,1,1
0496c,0496d,1,3,0,2,0,0,0,0,1,1
1370a,1153b,2,3,0,0,2,0,1,1,0,0
0579a,1286b,2,4,0,3,0,1,0,3,0,0
1364c,1364a,0,1,0,2,2,0,1,0,0,1
1284b,1123b,1,1,0,3,2,0,1,0,0,0
1382b,1382a,0,1,0,0,2,0,1,3,0,1
1455b,1455c,0,0,0,2,0,0,1,3,0,1
0570a,0302b,0,1,2,1,3,1,2,1,0,0
0301b,0301c,2,0,0,2,2,1,0,1,0,1
0535a,0323a,1,0,1,3,0,0,1,1,1,0
1253a,0517b,0,0,0,3,2,1,3,1,0,0
0555b,0555c,2,1,0,1,1,0,0,2,0,1
1460a,0553b,0,0,0,1,0,0,1,1,1,0
1248a,1494a,1,1,0,2,0,0,1,3,0,0
0311a,0311c,1,2,0,1,2,1,1,2,1,1
1219a,1219b,1,1,0,1,0,0,0,3,0,1
1171b,1367a,0,4,0,2,0,1,2,1,0,0
1441a,1441b,1,1,0,1,2,0,2,1,0,1
1248b,1248c,2,0,0,0,0,0,1,2,0,1
0896a,0459b,1,1,0,1,0,0,1,0,0,0
1417b,0405c,2,4,0,1,0,1,1,1,1,0
0345a,0445b,1,0,0,3,2,1,1,1,1,0
1508b,1508c,0,3,0,1,2,1,1,0,1,1
1144b,1144c,0,1,0,2,0,1,1,2,0,1
1311c,0556b,1,1,0,0,0,1,0,1,0,0
1294a,0540c,1,1,1,4,2,1,0,3,1,0
1352a,1451b,1,1,0,2,0,1,2,1,0,0
1255c,0337b,1,3,0,3,1,0,3,2,0,0
1091c,1091a,1,3,2,2,0,0,3,2,0,1
0379c,1255c,0,0,0,2,1,0,0,1,0,0
0514c,1402b,2,1,1,1,2,0,1,2,0,0
0354b,1328b,2,1,0,0,0,1,2,2,0,0
0432a,0432c,0,1,0,3,0,0,1,2,0,1
0483a,0483b,1,1,0,3,2,1,1,1,0,1
1366c,1328c,1,0,0,3,0,0,1,0,0,0
1531a,1173c,1,2,0,3,2,1,0,1,0,0
0923a,0315b,0,0,1,1,1,1,1,1,0,0
1201a,1201b,2,1,0,0,0,1,2,1,0,1
1123b,0450b,1,0,1,1,2,0,1,1,1,0
1447b,1447c,0,3,1,1,0,0,0,1,1,1
1219a,1219c,1,3,1,0,0,2,0,1,0,1
1207c,0321a,1,0,0,2,0,1,0,0,0,0
0969a,0969c,1,2,0,2,0,0,1,1,1,1
1455a,1432a,1,3,0,0,0,1,1,1,0,0
0571b,1442b,2,1,0,3,0,0,1,4,0,0
0353c,1123a,1,1,1,0,2,2,1,1,1,0
1471b,1471c,0,1,0,0,2,1,1,3,0,1
0307b,0307c,2,1,0,1,0,0,1,1,0,1
0556a,0549b,2,0,1,1,2,1,3,0,1,0
0302a,0302c,1,1,1,1,2,1,1,2,1,1
1176b,1176a,1,4,1,3,0,0,1,1,0,1
1300a,1528c,1,0,0,2,0,0,0,1,0,0
1513c,0336c,2,1,0,2,1,0,1,0,1,0
1518c,0538a,0,0,1,3,0,1,1,3,0,0
1421a,0312b,0,1,1,1,0,0,1,1,0,0
0301a,0431c,1,0,0,0,0,0,1,1,0,0
0338b,0472c,0,0,0,2,0,1,3,1,0,0
1367c,1488b,1,1,0,3,2,2,1,2,1,0
0458a,0458c,1,1,0,0,0,0,1,3,0,1
0365b,0365c,2,3,1,0,0,1,1,0,0,1
1309a,1309b,2,1,0,3,0,0,0,2,0,1
1534a,0403c,1,1,1,1,0,1,1,0,0,0
1307a,0307a,1,1,0,0,0,0,0,3,1,0
1330a,0597b,1,2,0,0,0,1,0,3,0,0
0307b,1147c,3,4,0,1,0,0,1,2,0,0
0916a,0347b,0,0,1,0,0,0,0,1,0,0
0373c,1449c,2,1,0,3,2,0,1,2,1,0
1254c,1254b,1,0,1,2,0,0,0,2,0,1
0302c,0302b,1,1,2,2,1,0,3,1,0,1
1483a,1483c,1,0,0,2,2,2,0,2,1,1
0412b,1155b,2,3,0,0,2,1,2,2,1,0
1375c,1375a,2,4,0,1,0,0,0,3,0,1
1274a,0474b,1,0,0,2,0,1,3,0,0,0
0414a,0429a,1,2,0,3,0,1,0,2,0,0
1367c,0473c,0,0,0,0,0,3,2,1,1,0
0405a,0405b,2,0,0,4,2,1,1,1,1,1
1534b,1534a,1,0,0,2,0,1,0,2,0,1
0584a,0562a,1,0,0,2,0,0,1,4,0,0
1547a,0331a,1,3,1,1,0,1,3,0,0,0
1336b,1336c,3,0,0,3,0,0,0,4,0,1
1253c,1086c,0,1,1,1,2,1,1,2,1,0
0327c,0327b,1,0,0,0,1,1,1,1,1,1
1508b,0950b,0,1,0,3,2,0,1,3,1,0
1485a,1091c,1,0,1,2,0,0,2,0,0,0
0321c,0321b,1,1,0,1,0,0,1,2,0,1
1534b,1534c,2,0,0,3,0,1,1,2,0,1
0474b,0474c,1,3,0,3,0,1,0,2,0,1
1562b,1406a,0,0,1,4,2,0,0,0,0,0
1393b,1393c,1,3,0,3,2,0,1,1,0,1
0552a,0552b,0,1,0,3,0,0,1,2,1,1
0585b,0585c,3,0,2,1,0,2,0,4,0,1
0414a,0414c,3,1,0,0,0,0,1,1,0,1
0396b,1394b,1,0,0,0,0,1,0,0,0,0
0469a,0469c,0,3,0,0,2,0,0,4,1,1
0969c,0969b,1,4,0,2,0,1,1,1,1,1
1144c,1495a,1,0,1,1,0,0,0,3,0,0
0306a,0319b,2,0,0,1,0,1,0,1,1,0
0349b,1240a,1,1,0,0,0,0,0,0,0,0
0898b,1271c,2,1,1,4,2,1,2,0,0,0
1468b,1468c,2,1,0,1,0,0,1,1,0,1
1259c,0585b,3,0,1,3,2,1,1,3,1,0
1364c,0896a,1,1,0,1,0,1,1,0,0,0
1480c,1282c,1,1,1,2,0,0,0,0,0,0
0359a,0359b,1,1,0,0,0,0,3,2,0,1
0373a,1471c,2,1,0,0,0,1,1,1,0,0
1257a,1193a,1,3,0,1,0,2,1,2,0,0
1307a,1307b,2,3,0,3,0,1,1,0,1,1
1374b,1374a,2,1,1,2,0,1,2,2,1,1
1307b,0506b,1,2,0,2,0,1,0,1,1,0
1409b,1409c,1,1,0,3,2,1,2,1,1,1
1122a,0549c,1,0,0,0,3,2,3,2,1,0
0488c,1319c,0,4,1,1,0,2,1,0,0,0
1391c,1442a,1,1,0,0,0,0,1,0,0,0
1499b,1499c,0,1,0,1,2,0,2,1,0,1
0331b,1237a,1,0,1,1,0,0,0,1,0,0
1152a,1152c,3,4,1,1,0,0,1,1,1,1
1181a,0368b,2,0,0,3,2,1,1,0,0,0
1222c,1222a,2,0,1,2,0,1,1,1,1,1
1140c,1140b,2,4,0,1,2,0,1,1,1,1
0538b,0538c,1,1,0,3,0,1,0,0,0,1
1350a,0337c,0,3,0,1,0,2,0,1,1,0
1254c,1254a,0,0,0,1,0,1,2,2,0,1
1364c,0337c,1,2,0,1,0,1,0,0,0,0
1417a,1377c,1,0,0,2,0,0,1,0,0,0
0429b,1367c,0,0,0,0,0,3,1,1,0,0
1482b,1393b,1,0,0,0,2,0,1,3,0,0
1446a,1174a,0,0,0,2,0,1,1,2,0,0
1230a,1129a,3,0,0,0,0,0,3,2,0,0
0593a,0593c,2,0,0,1,0,1,3,0,1,1
1260a,1260b,2,0,0,0,0,1,1,4,0,1
1335a,1489c,0,3,0,0,0,1,1,0,0,0
0338b,0474c,1,3,0,3,0,1,3,2,0,0
1153b,0461b,2,3,0,3,0,0,1,2,1,0
1488a,1488c,2,1,0,0,0,1,0,1,0,1
0366a,0576c,0,0,0,2,0,0,0,1,0,0
1367c,0516a,1,1,0,3,2,3,0,0,0,0
1319a,1319b,0,4,1,3,0,0,1,3,0,1
1554b,1554c,1,1,0,2,0,0,0,0,1,1
1363c,1360c,0,0,1,1,1,0,1,0,0,0
0324b,0324a,0,1,0,3,1,0,0,2,1,1
1260a,1260c,3,1,0,1,0,0,1,3,0,1
0507a,0507c,2,3,0,2,2,1,1,1,1,1
0440c,0440a,1,4,1,2,0,1,0,0,0,1
1341a,1341b,2,2,0,0,0,1,0,0,0,1
1465b,1465c,1,1,1,1,0,1,1,0,0,1
1234b,1234c,1,1,1,1,0,0,0,2,0,1
0385c,0385a,2,2,0,2,1,1,1,1,0,1
0547a,0547c,1,0,1,2,0,1,2,0,1,1
0457a,0347b,1,2,1,3,2,0,2,1,1,0
1129b,1430c,3,1,0,3,0,1,1,1,1,0
1222a,1272a,1,0,1,0,0,0,2,3,1,0
0412b,0927b,2,0,0,2,0,1,2,1,0,0
0431a,0375b,2,1,1,2,1,0,3,0,1,0
0302a,0549c,1,1,0,2,3,1,2,3,1,0
1512b,0429b,1,1,0,3,0,1,1,4,0,0
1402a,1402b,1,1,0,2,2,1,1,0,0,1
1378c,1378a,2,3,0,0,0,2,0,2,0,1
1328a,1394b,0,0,1,1,0,2,1,3,0,0
1360a,1360c,3,0,1,0,1,0,1,1,1,1
1391b,1391a,0,0,0,3,0,1,1,1,0,1
1240b,0304a,1,0,0,0,2,1,1,1,0,0
0489c,0489b,0,1,0,1,0,1,2,2,1,1
0594a,1495c,2,1,0,0,2,0,0,2,1,0
0593a,0593b,0,3,0,0,0,0,0,3,0,1
0354a,0354c,1,1,1,3,2,0,3,2,0,1
0373b,0317a,1,0,1,1,2,0,1,2,0,0
0301b,1273c,0,0,0,1,1,2,3,1,0,0
1164b,0556c,2,0,1,1,1,1,0,1,1,0
1091b,1222a,1,0,1,2,0,1,2,2,1,0
1221c,0376c,0,0,1,0,1,2,2,0,0,0
0429b,0569b,1,1,0,1,0,2,0,3,0,0
0550b,0550c,1,0,0,1,0,0,0,0,0,1
1394c,1394b,0,1,1,1,0,1,2,1,1,1
0538a,0535c,1,1,1,0,0,1,2,1,0,0
1325b,1325c,1,3,0,2,0,1,0,0,1,1
0381c,0969b,1,4,0,2,0,2,1,0,1,0
0549b,1271b,3,3,2,0,2,1,2,1,0,0
0331b,0331a,0,0,1,0,0,0,3,2,0,1
1406a,1406b,0,2,2,3,2,0,2,0,0,1
0313c,0313b,2,0,1,1,0,0,1,1,1,1
1268b,1268c,1,0,0,3,0,1,1,1,1,1
0402b,1493b,1,0,0,3,0,0,2,1,0,0
1383c,1368c,1,0,0,2,0,1,0,2,0,0
0434c,0434a,3,1,0,0,2,0,3,3,0,1
0525c,0357a,2,3,0,1,0,2,0,2,1,0
1426c,1426a,1,0,0,1,0,1,0,0,1,1
1453a,0322b,0,0,0,0,1,0,0,3,0,0
1164b,0405b,1,1,0,2,1,0,1,0,0,0
0507a,0316a,1,0,1,0,2,1,0,0,1,0
1344a,1344c,2,0,0,3,0,1,1,1,0,1
1552a,1552c,0,1,0,0,0,1,0,2,0,1
0323c,0323a,2,4,1,3,2,1,3,2,1,1
1424a,1424c,2,3,0,3,0,0,0,1,1,1
1490c,1328b,1,1,0,3,0,0,3,0,0,0
1442a,1442c,2,1,0,0,2,0,0,1,1,1
1286b,0372b,2,3,0,3,1,1,1,2,0,0
1108b,0431b,1,2,2,1,0,2,0,2,0,0
0460b,0460c,1,0,2,1,0,1,1,2,0,1
1448a,1448b,1,1,0,3,0,1,1,1,1,1
1091b,1091c,1,3,1,2,0,0,2,1,1,1
0518b,0924c,1,0,0,0,2,0,1,1,0,0
0324c,0324a,1,1,1,4,1,0,1,0,0,1
1490c,1490b,1,1,0,0,0,1,0,0,0,1
1320b,1320c,1,1,0,0,0,1,0,3,0,1
0451a,0451c,1,1,0,1,0,1,0,2,1,1
1240b,1240c,1,0,1,1,2,2,1,2,0,1
1303a,1363a,3,4,0,1,2,1,2,1,0,0
1543a,1481a,0,0,0,1,0,0,0,1,0,0
1146a,1146b,2,4,0,3,0,1,0,1,0,1
0539a,0539c,0,3,0,3,0,0,2,2,0,1
1481a,1481c,1,0,0,2,0,1,0,3,0,1
1448a,1448c,1,3,0,3,0,1,1,1,1,1
1286a,1286c,1,1,0,2,0,0,2,0,0,1
1382c,1284c,1,1,0,0,0,1,1,1,0,0
1393a,1531a,0,4,0,0,0,1,0,1,0,0
0556a,0549c,1,0,0,2,3,1,3,0,1,0
1543a,0345a,3,0,0,0,2,0,0,2,0,0
1367b,0448b,1,1,1,1,2,1,3,1,1,0
0357b,0357c,2,1,1,1,0,0,2,2,1,1
0359a,1237c,0,0,1,2,0,0,0,1,0,0
0517b,0517a,0,0,0,3,2,1,1,2,0,1
1540b,1253a,2,1,0,0,0,0,2,1,0,0
1248a,0596a,0,1,0,0,0,0,0,1,0,0
1485a,1309c,2,3,1,1,2,1,2,0,1,0
0333c,0333a,1,1,0,2,0,0,1,1,1,1
0565a,0565b,0,0,0,3,0,0,0,2,0,1
1344a,1335c,1,0,0,3,0,1,2,2,1,0
0340a,1312a,2,2,1,2,2,1,0,0,1,0
1497a,1497c,2,4,0,3,0,0,2,1,0,1
1217b,0866c,2,1,0,1,0,0,1,0,0,0
0594b,0594c,0,4,2,1,0,2,0,0,0,1
0560a,0576b,1,3,0,3,0,0,3,3,0,0
1153b,1328b,1,2,0,3,0,0,2,0,0,0
0358b,0302b,2,0,1,4,2,1,2,2,0,0
0334a,0334c,1,4,0,3,2,1,0,0,0,1
0381a,1442a,2,2,0,3,0,0,0,2,0,0
1494a,1494b,1,1,0,1,0,1,1,3,0,1
0560a,0538b,1,3,0,3,2,1,2,2,0,0
1268a,0456c,0,1,0,0,2,1,0,1,0,0
1252a,1252b,1,1,0,0,0,1,1,2,0,1
0375c,0375b,1,1,1,3,2,0,2,1,0,1
0927b,0927c,1,3,1,1,0,2,1,0,0,1
0550a,0348a,0,4,0,3,0,1,0,4,0,0
1120a,1341b,0,3,0,3,0,1,0,0,0,0
0924a,0924c,2,1,0,3,1,1,1,1,1,1
1329a,1329b,0,0,0,0,0,1,2,3,0,1
1036b,1036c,1,2,1,2,2,0,2,0,0,1
1489a,1489c,1,3,0,3,0,0,1,1,0,1
0503a,1441a,1,0,0,1,0,1,2,1,0,0
0327c,0370a,2,1,0,1,1,2,0,1,1,0
1231a,1231b,1,2,0,0,0,0,1,1,0,1
0492b,0492c,0,0,0,1,0,0,1,2,0,1
1489a,1413b,1,0,0,3,0,1,0,2,0,0
0348a,0348b,2,1,0,1,2,0,0,2,1,1
1516a,1296c,1,1,0,3,2,0,0,1,0,0
0315b,0315a,0,3,0,0,0,2,1,0,0,1
0587a,1083a,1,3,1,2,0,1,1,1,1,0
1323a,1323c,1,0,0,0,0,1,1,3,1,1
1303c,1441c,2,3,0,1,0,0,1,3,1,0
0422a,0422c,1,1,0,0,0,1,0,3,0,1
1222c,1426a,2,1,0,1,0,0,0,0,0,0
1547b,1547c,0,0,0,2,0,2,0,2,0,1
1153a,1153b,0,3,0,2,0,0,1,2,0,1
1368b,0473a,2,1,0,1,2,0,2,3,0,0
1463a,1463c,1,1,0,0,0,0,1,0,1,1
1391b,1533b,2,4,0,0,0,1,1,0,0,0
1453a,1453c,1,0,0,3,0,0,0,2,1,1
0350b,0350c,0,1,0,3,1,0,1,2,0,1
1504b,1363a,3,1,0,2,1,1,2,1,0,0
1491a,1491c,2,0,0,1,0,0,0,3,0,1
1268a,1268c,0,0,0,3,2,1,0,0,0,1
0349a,1343a,1,1,0,1,0,0,0,1,0,0
1494a,1494c,2,4,0,2,0,1,3,2,0,1
1363b,1363c,0,0,1,0,0,0,0,1,0,1
1131a,1131b,1,1,0,0,0,1,0,3,0,1
1475b,1475c,0,0,1,0,2,1,3,1,0,1
1565a,0577b,0,3,1,0,0,0,1,1,0,0
1433b,1433c,2,3,0,3,2,0,1,1,0,1
0600b,0600c,3,0,0,0,0,0,1,1,0,1
1447c,1501a,0,2,1,1,0,1,1,1,0,0
1494b,1494c,1,3,0,3,0,2,2,1,0,1
0324c,1323b,0,0,0,2,0,1,1,0,0,0
0316b,0537c,0,1,0,0,0,0,0,4,1,0
0355a,0355b,2,2,0,3,2,1,1,2,1,1
0491b,0491c,0,1,0,0,0,1,1,4,0,1
1513b,0492c,0,0,0,2,0,2,0,1,0,0
1257a,0896c,1,0,0,2,0,2,1,1,0,0
0306a,0307c,2,0,0,1,0,0,2,2,0,0
1149a,0570a,1,0,1,3,2,1,0,2,0,0
0324b,0324c,1,0,1,1,2,0,1,2,1,1
0496c,0496e,1,3,1,2,0,1,0,1,0,1
1512b,1252c,1,2,0,0,0,0,1,1,1,0
0340a,0340c,2,0,0,1,0,2,1,1,0,1
1441b,1441c,1,1,0,1,2,0,1,1,1,1
1261b,0353a,1,3,0,3,1,0,0,0,0,0
0923a,0923c,1,0,0,1,1,1,0,2,0,1
1363b,0368c,3,0,1,1,2,1,2,0,1,0
1272a,0873a,1,1,1,0,0,1,1,0,1,0
1500a,1360c,3,3,0,2,1,1,0,2,1,0
1417c,1417b,2,3,0,3,0,1,1,1,1,1
0593a,0334b,1,1,0,0,0,0,0,1,0,0
1230a,1282b,2,1,0,3,0,0,0,1,0,0
1495b,1495c,0,0,0,2,2,1,0,2,1,1
1174a,1174b,1,1,0,2,1,1,1,0,0,1
1253a,1253b,3,1,0,1,0,1,2,1,1,1
1366a,1366b,1,1,0,3,0,1,0,1,0,1
0321a,1165b,2,0,0,1,0,1,0,0,1,0
1409b,1409a,2,3,0,0,2,1,3,3,0,1
1383c,0323c,0,1,0,0,0,1,2,2,0,0
1367b,1367c,0,0,1,2,0,1,0,0,0,1
1517c,1286c,1,1,0,1,0,1,2,1,0,0
1370a,1370c,1,0,0,2,2,0,1,0,0,1
1363b,1422a,3,3,1,2,0,0,1,1,1,0
1302a,1302c,0,0,0,0,0,0,0,3,0,1
1257b,1257c,3,3,0,3,0,0,0,1,0,1
0569a,0569b,1,1,1,0,0,2,1,2,0,1
0374b,0374c,1,3,0,0,0,0,3,1,0,1
0367a,0301a,1,1,0,0,0,0,1,0,0,0
0577b,1237a,0,0,0,2,0,0,1,1,0,0
1538a,0897c,1,3,0,0,0,0,0,1,1,0
0577b,1343a,0,1,1,3,0,1,1,2,0,0
1534c,1552c,0,0,0,1,0,0,1,0,0,0
1121a,0532b,0,0,0,0,2,0,0,0,1,0
1498a,1498b,2,0,0,0,2,0,1,1,0,1
1451c,1366c,0,1,0,0,0,0,1,1,1,0
0489c,1493b,1,3,0,1,0,0,2,1,1,0
1482b,1309b,1,1,0,0,0,0,1,0,0,0
0463a,0556c,1,0,1,1,0,0,2,4,1,0
1484b,1484c,0,0,0,0,2,0,1,0,0,1
1137a,1137b,2,0,0,3,0,0,0,1,0,1
0445a,0525b,0,1,1,0,2,0,0,0,0,0
1516a,1516b,0,1,0,1,0,1,1,0,0,1
1329a,1329c,1,0,0,3,0,1,2,3,0,1
0363c,0363b,0,0,0,1,0,1,3,1,1,1
1554a,1554b,0,0,0,1,0,1,1,0,1,1
1330a,1330b,1,0,0,0,0,0,0,4,0,1
0380a,1273c,0,3,0,0,1,1,0,0,0,0
1408a,1408b,2,0,0,2,2,2,0,1,1,1
0556a,0556b,2,1,1,0,0,0,1,3,0,1
1248a,1248c,1,0,0,2,0,0,0,2,0,1
0357b,0357a,1,3,1,1,2,1,0,0,0,1
1365c,1365a,1,2,0,2,0,1,1,1,0,1
1450b,1450a,1,1,0,0,0,1,2,2,1,1
1121a,1545c,0,0,0,0,0,1,0,0,0,0
0353a,0353b,0,0,0,2,1,1,1,0,1,1
1508a,1508c,1,0,0,1,2,0,3,4,0,1
1271b,1271c,3,3,0,2,2,0,1,1,0,1
1171b,0316a,0,3,1,0,0,2,0,1,0,0
1538c,1538b,2,0,0,3,2,1,1,1,1,1
0472a,1513c,2,0,0,3,1,1,1,1,0,0
0550a,0550c,1,4,0,2,0,0,0,4,0,1
0539a,0539b,1,3,0,3,2,0,1,0,0,1
1362b,1362c,1,1,0,3,0,0,0,2,0,1
0569c,1319a,1,1,0,0,0,0,0,1,0,0
0579c,1495c,1,0,0,0,2,0,0,2,0,0
0350b,0354b,1,0,0,3,0,2,0,0,0,0
1361b,1468c,0,2,0,0,0,0,0,0,0,0
1567c,1567b,1,3,1,2,0,0,0,2,0,1
0314c,1212a,1,0,0,3,2,2,2,2,1,0
1538a,1538c,1,1,0,3,0,2,0,2,1,1
1538b,0416a,1,1,1,1,3,0,1,0,0,0
1475b,1561b,3,1,1,3,0,0,2,2,1,0
1442b,1442c,1,1,0,3,2,0,1,2,1,1
1222c,0352c,3,3,0,1,0,1,0,1,1,0
1461b,1461a,1,2,0,1,0,1,0,1,0,1
0349b,0461b,2,0,0,3,0,0,1,1,1,0
0503a,0503b,0,0,0,1,0,1,1,1,0,1
0450c,0450b,0,1,0,1,0,1,0,1,0,1
1424a,1424b,0,3,0,0,2,0,1,2,0,1
0434b,0434a,2,4,1,2,2,1,3,0,0,1
0445c,0549b,2,3,1,1,2,1,3,0,0,0
0521b,0351b,0,0,0,1,2,1,1,3,0,0
1460a,1146a,2,3,0,1,2,0,1,0,0,0
1149c,0344c,0,0,1,1,0,1,2,3,0,0
1236a,1236c,2,1,0,2,0,1,0,2,0,1
0334c,1311c,0,3,1,2,0,1,1,2,1,0
0969a,1155c,1,2,0,1,0,2,1,1,1,0
0596a,1360a,1,1,1,1,0,0,1,1,0,0
1540c,0473b,0,2,0,1,2,1,1,3,1,0
1123c,1123a,1,3,1,2,2,1,0,2,1,1
0396c,0396b,1,0,1,1,0,0,2,1,0,1
0302c,1557a,1,0,2,1,1,1,0,2,0,0
0365b,0496e,0,0,1,2,2,1,0,0,1,0
1490b,0440b,1,1,0,1,2,1,1,2,1,0
0379c,1421b,1,0,0,1,0,0,2,1,1,0
0390c,0390a,2,0,0,0,0,0,0,1,0,1
1096a,0349b,2,0,0,2,0,1,3,3,0,0
1227a,1227b,2,0,0,0,0,0,0,3,0,1
0456c,0456a,0,1,1,2,0,1,0,0,0,1
1480c,1511b,0,1,1,1,0,0,1,0,0,0
1171b,1171a,1,2,0,0,0,2,1,3,0,1
0491b,0491a,0,0,0,1,0,0,1,2,1,1
1482a,1254a,1,3,0,2,0,1,0,2,0,0
0405a,0312b,2,1,1,1,0,1,1,2,1,0
1534b,0472a,2,0,0,0,0,1,1,1,0,0
1181a,1181b,1,1,1,2,0,0,1,2,0,1
1450b,1443c,2,1,0,2,0,2,1,1,1,0
1352c,1352a,0,0,0,1,0,0,0,2,0,1
0507a,1477a,2,1,0,0,2,1,0,2,1,0
1227a,0531c,0,3,0,2,0,1,0,2,0,0
0471b,0358b,0,2,0,0,0,0,1,0,0,0
0353a,0517b,1,1,0,0,1,1,0,1,0,0
1551a,0525b,2,2,1,0,0,0,3,0,0,0
1451a,1144c,0,3,0,1,0,1,0,4,0,0
0335a,0335b,2,3,0,2,0,0,0,1,0,1
0471a,0471c,1,4,0,2,0,2,1,1,1,1
1329b,1328b,0,1,0,3,0,0,0,2,0,0
0401c,1083a,1,1,1,1,2,0,1,3,1,0
1513b,1513c,1,1,0,3,1,1,1,1,0,1
1445a,1445b,2,0,0,1,0,0,0,3,0,1
1144c,1086c,1,0,0,1,2,0,1,2,1,0
1155b,1155c,0,1,0,3,2,1,1,1,1,1
1417c,0560a,1,3,0,3,2,0,1,1,1,0
1483a,1483b,1,3,0,3,0,1,0,2,0,1
1460a,0521a,0,0,0,0,2,1,3,0,0,0
0483a,0571c,1,2,0,2,2,1,0,0,0,0
1164c,1552c,0,0,0,2,0,2,1,1,0,0
1319a,1319c,1,0,0,0,0,2,2,0,0,1
0374b,1268b,0,3,0,3,0,0,1,2,1,0
0483a,0969c,1,2,0,0,0,0,2,2,1,0
0547a,1430c,2,2,1,2,0,1,0,2,0,0
1543a,1543b,1,0,0,2,0,0,1,4,0,1
1375b,1375a,0,4,0,2,0,0,0,0,0,1
0474b,1360c,2,0,0,1,1,1,2,2,1,0
0335a,0969a,1,1,0,1,0,0,0,2,1,0
1486b,0441b,0,2,0,0,2,1,2,2,0,0
0365b,0924a,0,1,0,0,1,0,1,0,1,0
0560a,0560b,2,3,0,0,2,0,1,3,1,1
1352b,0563a,1,0,0,2,2,0,2,1,1,0
0457c,0405b,1,2,0,4,0,0,0,2,0,0
1391b,1319b,1,0,1,3,0,0,1,3,0,0
1534c,1516b,1,0,0,1,0,0,0,2,0,0
0324c,0317b,1,3,0,4,2,0,2,0,0,0
0579a,0579c,1,1,0,3,0,0,1,1,1,1
0911b,0911c,1,1,1,2,0,1,1,1,1,1
0450c,1443b,1,0,1,2,0,1,2,1,0,0
1234a,1234c,1,3,1,1,0,1,0,1,0,1
0538a,0538c,0,1,1,3,0,0,1,3,0,1
0537b,0530a,0,3,1,3,2,1,2,0,0,0
1300a,1300c,2,0,0,1,0,0,1,0,0,1
1121a,1121b,0,0,0,3,0,0,0,2,0,1
1194b,1194c,0,3,2,0,0,0,0,2,0,1
0531b,0531c,1,4,0,2,0,1,0,1,0,1
1567c,0525b,0,1,1,4,0,0,0,1,0,0
0544b,0544a,2,0,0,3,0,1,0,1,1,1
0491b,1255c,0,0,0,0,1,1,1,2,0,0
0488b,0544c,1,4,1,3,0,1,2,0,1,0
1234c,1392a,0,3,1,1,2,1,3,0,1,0
0340b,0340c,0,4,0,0,0,0,0,0,0,1
1430b,1430c,1,1,0,2,1,1,0,0,0,1
1451a,1451c,1,4,0,3,0,0,0,4,0,1
1408c,1408b,1,0,1,1,0,1,0,0,0,1
1512b,0472b,0,1,0,0,0,1,1,2,0,0
0564b,0564c,2,1,0,1,1,1,1,2,1,1
1444b,0302a,1,0,0,0,2,0,1,1,0,0
1271a,1271c,1,0,1,2,2,1,1,2,1,1
1137a,1252a,2,0,0,3,0,2,0,2,0,0
1488b,1429a,1,0,0,2,2,0,0,1,0,0
0896a,0898b,1,1,0,1,2,0,0,1,0,0
0927a,0410c,1,1,1,1,0,0,1,1,1,0
0570c,0570a,1,3,1,2,2,0,1,2,0,1
1451c,1451b,3,1,0,3,0,1,3,3,0,1
1358a,1358b,1,3,1,0,1,0,0,3,0,1
1323a,1323b,1,1,1,1,0,2,1,0,0,1
1091b,0350c,1,1,0,0,1,1,2,1,1,0
1461c,1461a,1,4,0,2,0,1,0,2,0,1
0351a,1487c,2,1,1,3,2,1,0,3,1,0
1119b,1119c,1,0,0,0,0,1,1,1,1,1
1409c,1449c,1,1,0,0,0,1,1,0,0,0
1120a,1121a,0,0,0,0,0,0,0,1,0,0
1546b,1546c,0,1,0,0,2,2,1,0,0,1
1501c,1501b,3,0,0,2,2,1,0,2,0,1
0458c,1367c,2,1,0,3,0,2,0,0,0,0
0897c,0525c,1,3,0,1,0,2,1,2,1,0
0593b,0593c,2,3,0,1,0,1,3,3,1,1
1309b,1309c,1,1,1,2,2,1,0,2,1,1
1545a,1252c,1,1,0,0,0,0,0,1,1,0
1504c,1422a,3,3,1,3,2,1,1,1,1,0
1501b,1501a,2,2,0,2,0,2,0,3,1,1
1551a,1196c,1,0,0,1,0,1,0,0,0,0
1181a,1394b,2,1,1,1,0,0,1,1,0,0
0328b,0328a,3,1,1,1,0,0,0,1,0,1
0313b,1367a,0,1,1,1,0,0,3,2,0,0
1531c,1178b,0,1,0,3,0,1,2,1,0,0
0472b,1491c,1,0,0,1,0,1,0,2,0,0
0477a,0477b,0,0,0,0,0,2,0,2,0,1
0896a,0896c,2,0,0,1,0,0,1,1,0,1
0549b,0549c,3,0,1,1,1,0,0,0,0,1
1231a,0969a,1,0,0,1,0,0,0,2,1,0
0354b,0492a,0,3,0,1,0,1,1,0,0,0
0431c,0431b,1,0,1,1,0,1,2,1,0,1
0544b,0544c,1,3,0,0,0,1,2,0,1,1
0471c,1363c,0,1,1,2,2,1,1,1,0,0
1271a,1271b,2,3,1,0,0,1,0,1,1,1
0473a,0473b,0,2,0,1,0,1,1,2,0,1
1197a,1197c,0,2,0,3,0,0,1,4,0,1
1367a,1367b,1,1,1,0,0,1,3,1,0,1
0518a,0518c,1,3,0,1,2,1,2,3,1,1
1208b,1208c,1,1,0,0,0,0,3,1,1,1
0569c,0569b,1,1,0,2,0,1,2,2,0,1
0546b,0564b,1,1,0,1,1,1,1,0,1,0
0927c,0431a,1,1,1,1,1,1,3,1,0,0
1164c,1164b,1,0,0,1,1,1,1,1,0,1
1383b,1383c,2,1,0,2,0,0,1,0,0,1
0301a,1365b,1,4,0,3,0,0,0,4,0,0
1402b,0333a,1,1,0,0,2,1,1,3,1,0
0597c,0569c,0,3,0,0,0,0,2,2,0,0
1508c,0535b,1,4,0,1,2,0,1,4,0,0
1366b,1366c,2,1,0,3,0,0,0,1,1,1
1137b,0898b,1,1,0,3,2,2,0,2,0,0
1431c,1431a,0,0,0,0,0,2,2,4,0,1
0353b,1208c,2,0,0,1,0,0,2,0,1,0
1097a,1240b,2,1,0,1,2,1,0,1,0,0
0316b,0316a,0,0,1,0,0,1,1,2,0,1
0562a,1513c,1,0,0,3,1,0,0,3,0,0
1426c,0383a,1,1,1,2,0,2,0,2,0,0
1520a,1520c,1,1,0,0,1,0,0,1,0,1
1267c,1475b,2,1,1,3,0,0,0,2,1,0
1229c,1193a,1,3,1,3,0,1,0,1,0,0
0525a,0440b,1,1,0,1,2,1,0,1,0,0
0577b,0577c,1,0,1,2,0,1,1,2,0,1
0321c,0321a,0,0,0,1,0,1,1,0,1,1
0563c,0924a,1,2,0,2,1,1,1,0,0,0
0421b,0421a,1,2,0,2,2,1,3,3,0,1
1485a,1485b,3,3,0,3,0,1,1,0,1,1
0550a,0550b,0,4,0,3,0,0,0,4,0,1
1305b,1305c,1,0,0,3,0,0,1,1,0,1
0440b,0440a,0,1,1,0,2,0,1,4,1,1
0873a,1165c,1,2,2,2,2,0,0,2,0,0
0336a,0336c,2,0,0,1,0,0,1,2,1,1
0521a,1271a,1,0,0,1,2,0,2,4,1,0
0600a,0600b,2,0,0,3,0,1,0,2,0,1
1155a,1155c,0,1,1,2,0,1,1,3,0,1
0366a,0366b,1,3,1,1,1,0,0,1,0,1
0587b,0587c,1,3,1,3,0,2,0,3,1,1
0330a,1152c,1,0,0,0,0,1,1,0,0,0
1492b,1492c,1,1,0,3,0,1,0,2,0,1
1149a,1149c,0,0,0,3,0,2,2,2,0,1
1411a,1411c,2,1,0,2,0,1,1,1,0,1
1452b,1131a,0,1,0,2,0,1,0,2,0,0
1551a,1551c,2,3,0,3,0,0,0,1,0,1
0555b,1209c,1,0,0,3,1,1,3,2,0,0
1328a,0569b,3,1,0,0,0,2,1,1,0,0
0584b,0584c,2,0,0,1,0,0,1,1,0,1
1221a,1221c,1,3,0,0,0,2,2,2,0,1
1517b,1517c,2,1,0,3,0,0,1,1,0,1
1465c,0547c,0,0,1,1,0,1,2,1,1,0
1446a,1446c,2,0,0,0,0,0,1,1,0,1
0597b,0597a,1,0,1,3,0,0,3,2,1,1
0475a,1521b,3,0,0,1,2,0,2,1,0,0
1171a,1422a,2,2,1,0,2,1,1,3,0,0
1491b,1491c,1,0,0,1,0,0,1,1,1,1
0969c,0314a,2,3,0,3,0,1,0,2,1,0
0350c,0350a,1,2,0,0,0,1,1,1,0,1
0351c,0351a,0,2,1,0,0,0,1,1,0,1
0458c,1267a,1,1,0,0,0,0,2,1,1,0
0440c,0383a,3,3,1,2,0,0,1,0,0,0
0355c,0355b,0,3,0,1,2,1,1,0,1,1
0560c,0594a,2,1,0,0,0,1,0,4,0,0
1314a,1383c,0,0,0,0,2,1,2,2,1,0
1191b,1191c,0,0,1,2,0,2,3,1,0,1
1268a,1268b,1,0,0,0,2,0,1,1,1,1
1475c,0376c,1,0,1,3,3,1,1,1,0,0
1545a,1495c,1,0,0,0,2,0,0,0,1,0
0593b,0466c,0,3,0,2,0,1,1,3,1,0
0372b,1271a,0,0,0,1,1,1,0,2,1,0
1533b,1533c,0,2,0,3,0,2,0,3,1,1
1086b,0473c,1,0,0,2,0,1,1,4,0,0
0441b,0453c,1,1,0,2,0,1,2,0,1,0
0451a,0451b,0,0,0,3,2,1,1,2,1,1
1417c,1468c,0,1,0,0,0,0,1,2,1,0
1551a,1272a,1,0,0,2,0,1,1,3,1,0
0489c,0525a,0,1,0,2,0,1,0,1,0,0
0540a,0540c,1,2,1,3,2,1,0,0,0,1
1171a,1325b,1,1,0,2,0,1,1,2,1,0
0496e,1273c,1,0,1,2,1,2,3,1,0,0
1180c,0547a,0,2,1,1,0,1,0,2,0,0
1552b,1552c,1,0,0,2,0,0,0,2,1,1
0353c,1271a,0,1,0,1,2,2,1,3,1,0
0379c,0319b,1,0,0,1,0,1,0,1,1,0
1391b,0340a,0,4,0,0,0,1,0,2,0,0
1446a,1236c,0,0,0,2,0,1,1,1,0,0
0525a,0317b,1,2,1,3,2,1,1,2,1,0
0496d,0496e,0,0,1,0,0,1,0,1,1,1
1417c,0596a,1,1,0,0,0,0,0,1,1,0
1518c,1518a,0,1,0,3,0,1,0,0,0,1
1510b,1510a,0,0,0,0,0,1,1,3,0,1
0506b,1557a,0,1,1,1,1,0,1,1,1,0
1253b,0911c,2,3,1,2,0,2,2,1,1,0
1394a,1394c,1,1,0,3,0,0,2,1,0,1
0596a,0331a,1,1,1,3,0,0,2,1,0,0
0896a,1204b,1,0,0,2,1,0,0,1,0,0
1129c,1521c,1,1,0,1,0,0,1,2,0,0
1164c,1286a,2,1,0,0,0,2,1,1,0,0
1255c,0597b,0,3,0,3,1,1,0,1,0,0
1465a,0520a,1,0,0,0,0,1,0,1,0,0
0448b,0571c,1,2,0,1,0,1,3,1,0,0
1341b,1341c,0,3,0,2,0,1,1,2,0,1
1488c,1488b,1,2,0,0,2,0,1,0,1,1
0537b,1312a,1,1,0,1,0,0,0,2,1,0
1476c,1319c,0,2,0,3,2,2,0,3,1,0
1300a,1300b,1,0,0,1,0,1,0,1,0,1
1140a,1140b,3,4,1,1,2,0,0,1,1,1
1146a,0564b,2,2,0,2,2,0,0,1,1,0
0577b,0517b,1,1,1,0,2,1,1,1,0,0
0381a,0381b,2,1,0,3,0,1,0,1,0,1
0873a,0873b,1,2,2,1,2,0,3,3,0,1
1468b,1440c,1,3,0,1,0,1,1,1,0,0
0313c,0440c,3,3,0,3,0,1,1,3,1,0
1486a,1425c,0,4,0,1,0,1,0,0,0,0
1137a,1137c,1,1,0,3,0,1,0,2,0,1
1382c,1382a,0,2,0,0,0,0,1,2,0,1
1468b,0530a,1,3,0,2,0,1,2,1,0,0
0461a,0461b,1,0,0,3,2,0,2,0,1,1
1510b,1510c,1,0,0,1,0,0,1,3,0,1
1477a,1477c,0,1,0,1,0,1,0,0,1,1
0535a,0535c,1,2,0,2,0,1,1,2,1,1
0387b,0387a,2,1,0,1,0,0,2,0,1,1
0457a,0457b,1,1,1,2,2,0,0,0,1,1
0516a,0516b,2,1,1,2,2,1,0,2,0,1
1230a,1230c,2,3,0,3,0,0,0,1,0,1
1487a,1545b,0,0,0,3,2,1,0,1,0,0
1567b,0405b,2,1,1,2,2,0,0,1,0,0
1149a,1490b,0,1,0,3,0,2,1,1,0,0
0445a,0445b,1,1,0,3,2,1,1,2,1,1
1134a,1134c,0,1,0,3,0,0,2,4,0,1
0592b,0592c,0,0,0,0,0,1,0,1,0,1
0456a,1219c,0,3,0,1,0,1,0,2,0,0
1446a,1508b,0,0,0,3,0,1,0,2,1,0
1370b,1370c,2,1,0,1,0,0,1,2,0,1
1149a,1149b,1,3,0,3,0,1,0,1,0,1
1546b,0347b,2,0,1,0,0,1,2,3,1,0
0330a,0466c,2,1,0,1,0,1,0,1,0,0
1497b,1497c,0,1,0,3,2,0,2,2,1,1
1236a,1504b,0,1,0,0,1,0,0,1,0,0
0561a,0561b,1,0,0,0,0,1,0,3,0,1
1320a,1174a,0,0,0,2,0,2,0,1,0,0
1476a,1476c,0,1,0,3,2,1,1,0,0,1
0587a,0587b,1,0,0,2,0,1,1,0,1,1
0306a,0337a,1,0,0,1,0,0,3,1,1,0
1417a,0547c,0,1,1,3,0,2,1,2,1,0
1237a,1237c,0,0,0,1,0,0,0,0,0,1
1334a,1334c,0,3,0,3,0,0,1,0,0,1
0565b,0565c,0,0,0,1,0,0,1,2,0,1
1365a,1152c,3,4,0,2,0,0,1,2,1,0
0488b,0488c,1,4,0,1,0,1,0,4,0,1
1391c,1391a,1,3,0,3,0,1,1,2,0,1
0522b,0522c,1,0,2,2,2,0,0,1,0,1
1565a,1531b,0,3,0,0,0,1,1,2,0,0
1451c,1447c,1,1,1,1,0,0,2,2,0,0
0560c,0560a,1,3,0,0,2,1,1,3,0,1
0353c,1036c,0,2,0,1,2,1,2,1,0,0
1352b,1352c,0,1,0,3,0,0,1,1,0,1
0472a,0472c,1,0,0,2,0,1,3,2,0,1
0375a,0375b,2,3,1,2,2,0,0,2,1,1
1375b,1364c,1,2,0,3,0,0,1,0,0,0
0496a,0496e,1,3,1,1,0,0,1,0,0,1
0531a,0531b,0,2,0,2,0,1,0,1,0,1
1328a,1328b,2,1,0,2,0,1,3,2,0,1
0351a,1143c,0,1,1,0,1,0,3,2,0,0
1497a,1497b,2,3,0,0,2,0,0,1,1,1
1323b,1323c,0,1,1,1,0,1,2,3,1,1
0422a,1303c,2,3,0,0,0,1,0,4,0,0
0413a,0413b,0,0,0,2,2,2,2,1,0,1
0307a,1319a,0,0,0,3,0,0,3,0,0,0
1229b,1229c,1,0,1,3,0,0,1,0,0,1
1307a,1129c,0,1,0,0,0,0,0,1,1,0
0334c,0353c,0,2,0,2,2,1,0,1,0,0
1229b,1483a,1,0,0,0,0,1,0,1,0,0
1212a,1212c,0,1,0,0,0,0,0,0,0,1
1260a,0560a,2,3,0,1,2,0,0,1,0,0
1414b,1414c,1,4,1,1,3,0,0,1,0,1
1252a,1196a,3,0,0,0,0,1,2,2,1,0
1153a,1153c,2,0,0,1,1,0,0,1,0,1
0313c,1356b,2,3,1,1,0,0,1,3,1,0
1458a,1458b,1,0,0,3,0,0,0,1,1,1
0892a,0892c,2,2,1,1,0,1,1,0,0,1
0324c,0431b,2,1,2,3,0,1,0,1,0,0
1208a,1208b,1,4,0,0,2,1,0,1,1,1
1234b,0924a,1,2,0,2,1,1,1,2,0,0
1289a,0413a,1,0,0,1,0,0,0,2,1,0
0563a,0563c,0,3,0,0,0,1,0,0,1,1
1378b,1378c,2,0,0,0,0,1,1,1,0,1
0525a,0525c,0,1,0,1,0,0,1,0,0,1
1489a,1489b,1,0,0,0,0,0,1,2,0,1
0307a,1520c,0,1,0,0,1,0,0,3,0,0
1237a,1237b,1,1,1,0,0,0,0,1,0,1
0540c,0594b,2,1,0,1,2,2,0,0,0,0
1533c,1533a,2,1,1,0,0,1,0,2,1,1
1252b,1252c,1,0,0,3,0,0,0,0,1,1
1489a,1445c,1,0,0,3,0,1,0,0,0,0
1119a,1119c,1,0,0,3,2,0,1,1,1,1
0924a,0317b,2,2,1,3,1,0,1,1,0,0
0334a,0334b,0,0,0,0,0,1,3,1,0,1
0380a,1501b,2,3,0,1,0,1,2,1,1,0
1531c,1531a,1,1,0,0,0,0,1,1,0,1
1521a,1521b,1,1,0,3,2,0,2,2,0,1
0363c,0363a,1,1,0,1,0,0,2,1,0,1
1180b,0560c,0,0,0,0,0,1,0,1,1,0
0307b,0898b,1,0,0,0,2,1,1,0,0,0
0515a,0317a,0,0,1,1,2,1,1,0,0,0
1416a,1416c,0,3,0,0,0,2,1,0,0,1
1217b,0401b,1,1,1,2,2,1,2,0,1,0
1152b,1152c,2,1,0,0,0,2,1,2,1,1
1429a,1383c,0,1,0,1,2,0,1,2,0,0
0585b,0324a,3,1,1,3,1,1,0,1,0,0
0517b,0517c,2,1,0,0,0,1,3,1,1,1
1430a,1430b,1,0,0,1,1,1,3,0,0,1
1382c,1382b,0,1,0,0,2,0,0,1,0,1
1273a,1273c,0,1,0,3,1,1,2,1,0,1
1121a,1121c,1,0,0,3,0,0,0,0,0,1
0587b,0323a,3,3,1,4,0,1,2,2,1,0
1103a,1224b,1,2,2,3,3,2,2,2,1,0
0584a,0584c,1,0,0,1,0,0,0,1,0,1
1196a,1196b,0,1,0,3,0,0,1,1,0,1
1196a,1196c,1,0,0,2,0,1,1,2,1,1
1253b,1253c,2,1,1,1,0,1,1,1,1,1
1458a,1458c,1,3,0,0,0,0,1,1,0,1
1375a,0927a,0,0,0,1,2,0,0,1,1,0
1510c,1510a,1,0,0,1,0,1,0,0,0,1
0458a,0492c,0,1,0,1,0,1,1,1,0,0
1371c,1208c,2,0,0,0,0,2,1,1,0,0
1302a,0414b,1,0,0,3,0,1,1,1,0,0
1165b,1165c,3,1,1,2,2,0,2,0,0,1
0594a,0594c,3,2,1,4,0,0,1,1,0,1
0472b,0472a,1,0,0,3,0,2,1,2,0,1
0422a,0422b,1,3,0,0,0,1,0,3,0,1
1181b,1181c,0,1,1,2,2,2,1,4,0,1
1477a,1477b,2,1,0,2,2,1,1,1,1,1
1127a,1127b,2,0,0,3,0,0,0,3,0,1
1207c,1086c,1,0,0,0,2,1,0,0,0,0
1194a,0390a,3,1,0,1,1,1,0,0,1,0
1294b,0327b,1,0,0,1,1,2,0,0,0,0
1236a,1236b,0,4,0,3,0,0,1,3,0,1
0379b,0579c,1,0,0,0,0,0,1,3,1,0
1119a,0496e,1,0,1,1,2,1,0,1,0,0
1543b,1543c,1,0,0,1,0,0,1,2,1,1
0515a,1350c,0,3,0,0,2,1,0,1,0,0
1207c,0587c,2,3,1,2,0,1,0,1,1,0
1433a,1433b,1,1,0,3,2,0,1,1,0,1
1303a,1303b,0,3,1,2,2,0,0,1,0,1
0552a,0335c,1,0,0,0,0,1,0,1,1,0
0587a,0350a,2,1,0,2,1,0,1,3,0,0
1504b,0348c,0,0,1,1,1,0,3,1,0,0
0372b,0547c,0,1,0,0,1,1,1,1,1,0
1482b,1486a,0,1,0,3,0,0,1,1,0,0
0562a,1296c,1,0,0,0,2,0,0,4,0,0
0313c,0445b,1,0,0,0,0,1,0,0,0,0
1445a,1445c,2,0,0,3,0,1,0,3,0,1
0521a,0521c,1,0,1,0,2,1,2,3,0,1
1461b,1461c,0,2,0,3,0,0,0,3,0,1
0414b,0414c,1,0,0,0,0,1,0,2,0,1
1565a,1565b,0,3,0,0,2,0,0,1,0,1
0338b,0338c,2,0,0,0,0,1,1,1,1,1
1455a,1455b,1,0,0,1,0,0,1,2,0,1
1374b,1374c,2,1,0,0,0,1,2,1,1,1
1551b,1551c,1,3,0,3,0,1,2,1,1,1
0507b,0507c,3,3,0,2,0,0,1,3,0,1
0537a,0537b,1,0,1,0,2,0,1,3,0,1
1341a,1196b,0,0,0,0,0,0,1,0,1,0
0537b,0537c,0,1,1,0,2,0,1,4,1,1
1296c,0456b,1,0,0,2,2,0,1,1,1,0
1152b,1152a,1,3,1,1,0,2,0,1,0,1
1512b,1129a,1,1,0,0,0,0,3,1,0,0
1413b,1413c,1,3,0,3,0,1,1,0,0,1
0327a,1198b,2,1,0,2,0,0,2,2,1,0
0307c,1259a,0,3,1,1,0,1,1,0,0,0
1485b,1485c,3,3,0,0,0,2,0,1,1,1
0372b,1358c,2,3,0,2,1,1,0,1,0,0
1366a,1430c,3,1,0,3,0,2,1,2,0,0
1429b,1429c,2,1,0,3,2,0,0,1,1,1
1358b,1358c,0,0,1,0,0,1,1,0,0,1
1417b,0311c,3,4,0,0,2,1,2,2,1,0
0924c,1323c,1,1,0,1,0,1,1,1,0,0
0898b,0564c,2,1,0,1,1,2,0,1,0,0
1565b,0334c,1,3,0,0,0,0,0,2,0,0
1394a,1394b,1,0,1,2,0,1,0,2,1,1
1230a,1230b,1,0,1,3,0,0,1,0,0,1
1386a,1386b,2,0,0,0,0,0,0,2,0,1
1197a,1197b,1,4,0,1,2,1,1,4,0,1
0368b,0368c,0,1,1,1,2,1,1,0,0,1
1492a,1492b,1,1,0,3,0,1,0,0,0,1
0460c,0455c,1,3,1,2,1,1,1,0,0,0
1501c,1501a,1,2,0,0,2,1,0,1,1,1
1164c,1164a,1,0,1,1,0,2,1,1,0,1
0924b,0924c,1,1,0,3,2,1,1,1,0,1
1367a,1367c,1,1,0,2,0,2,3,1,0,1
0414a,0414b,2,1,0,0,0,1,1,1,0,1
1453b,1453c,1,0,0,3,0,0,1,0,1,1
1495a,1495b,1,0,1,1,0,0,1,3,0,1
0472b,0472c,0,0,0,1,0,1,2,0,0,1
1255a,1255c,1,0,0,0,1,0,1,2,1,1
0353a,0353c,1,1,0,2,1,1,0,1,0,1
1282b,1374c,1,2,0,3,0,1,0,1,0,0
0576c,1146b,0,4,0,2,0,1,1,1,0,0
1282c,1484c,0,0,1,3,2,1,1,0,1,0
1325a,1325c,2,3,0,3,1,1,1,1,0,1
0560c,0560b,1,0,0,0,0,1,0,0,1,1
0314c,1083a,1,3,1,1,0,3,1,1,1,0
1167a,1561b,0,2,0,0,0,0,2,3,1,0
1335a,1335b,0,1,0,0,0,1,3,1,0,1
1375a,1165b,1,1,0,1,0,0,1,1,0,0
1099a,1099c,0,3,1,1,2,0,2,0,0,1
1267c,1356b,1,4,1,2,0,0,0,3,1,0
0496f,0496a,1,0,0,0,0,1,0,0,0,1
0333b,1486b,0,1,0,0,0,0,0,3,0,0
1237c,1511c,1,0,0,1,2,1,1,1,1,0
0375a,0375c,1,4,0,1,0,0,2,3,1,1
1545a,1545b,2,0,0,0,2,0,1,1,0,1
0347a,0347b,1,3,1,3,0,1,1,4,0,1
0496f,0496c,1,0,0,3,0,0,1,1,0,1
1430a,0474b,0,0,0,3,0,0,0,0,0,0
1197a,1323b,0,3,1,1,2,1,0,3,0,0
0313c,1222a,2,0,1,1,0,1,1,2,1,0
1123c,1123b,3,2,0,3,0,0,0,3,0,1
1508c,1500a,2,0,0,3,2,1,1,3,0,0
1451a,1451b,2,3,0,0,0,1,3,1,0,1
1533b,0457a,1,3,0,3,0,1,0,3,0,0
1350a,1350c,2,3,0,3,2,2,1,1,0,1
0445b,0445c,1,3,0,0,2,1,1,3,1,1
0567b,1208a,1,2,0,0,2,0,1,0,1,0
0367a,0367c,1,0,0,3,0,0,0,3,0,1
1221a,0556a,1,3,0,1,2,0,2,3,1,0
1416b,1416c,1,4,0,3,0,1,0,2,0,1
1517c,1221c,1,1,0,0,0,2,1,1,0,0
1520a,1367b,2,1,1,2,0,1,0,1,0,0
0537b,1368c,0,0,1,0,0,1,1,4,1,0
0938b,0302c,1,0,0,0,0,2,1,1,0,0
1155b,1155a,0,0,1,1,2,0,0,2,1,1
0536a,0536b,1,1,0,2,0,1,0,1,0,1
0496c,0496a,0,0,0,3,0,1,1,1,0,1
0344c,1465c,0,1,0,0,0,0,1,2,0,0
1224c,1224b,1,4,1,3,1,2,2,2,0,1
1336a,1336b,3,0,0,1,0,1,0,4,0,1
0551c,1363a,3,2,0,1,2,1,2,1,0,0
0597c,0597a,2,0,1,0,0,1,2,0,1,1
1267a,0535a,0,3,0,1,0,0,0,1,0,0
0373a,0373c,0,0,0,3,2,1,1,2,0,1
0345a,1282c,1,0,1,3,2,0,1,0,0,0
1461a,0450b,0,2,1,0,2,2,0,1,1,0
1447c,0392b,0,1,1,1,0,0,0,2,1,0
0521b,0521c,2,0,1,1,1,1,1,3,0,1
1547a,0357c,2,2,0,0,2,1,0,1,1,0
1538a,0365c,1,3,1,0,2,2,0,0,0,0
0461b,1501b,1,0,0,2,0,1,1,0,0,0
1448a,1398c,0,0,0,0,0,1,2,1,0,0
0419a,1549c,0,1,0,2,0,0,1,3,0,0
0335a,1417b,2,3,0,2,0,1,1,3,0,0
1453a,1453b,2,0,0,0,0,0,1,2,0,1
1431a,0517c,2,0,0,0,2,1,0,2,1,0
0924a,0924b,1,2,0,0,1,0,0,2,1,1
1127b,1127c,1,3,0,0,0,0,1,2,0,1
1513a,1513c,1,1,0,3,1,1,1,2,0,1
1181b,1212c,0,1,1,2,2,1,1,2,1,0
0323c,0323b,2,0,1,0,0,2,1,1,0,1
1325a,1325b,3,0,0,1,1,0,1,1,1,1
1240a,0357b,1,1,1,3,2,0,1,2,0,0
1551a,1551b,1,0,0,0,0,1,2,2,1,1
1411b,1411c,3,0,0,0,0,0,1,1,0,1
1500a,1500b,3,2,0,4,2,1,1,1,1,1
0488b,0581c,0,4,2,3,0,1,1,2,0,0
1352a,1447b,1,2,0,1,0,0,1,3,1,0
0411b,0597b,1,2,0,2,0,1,0,2,0,0
1533b,1533a,2,3,1,3,0,1,0,1,0,1
1481a,0461b,1,0,0,1,0,0,2,3,1,0
1521a,1521c,2,1,0,2,0,0,0,1,0,1
0374c,1547b,0,1,0,2,0,1,3,2,0,0
0429b,0429a,1,1,0,0,0,0,1,0,0,1
1303c,1303a,0,0,0,0,2,0,0,0,0,1
1544a,0324b,3,3,0,3,2,0,2,3,1,0
0492a,0492c,1,4,0,0,0,1,0,3,0,1
1531a,1262a,0,4,0,3,0,0,0,1,0,0
1253a,1253c,1,0,1,2,0,0,3,2,0,1
1391c,1268c,0,0,0,3,0,1,1,3,0,0
1121b,1121c,1,0,0,0,0,0,0,2,0,1
1540b,1540c,0,1,0,0,0,0,0,3,1,1
1180a,1180c,0,3,0,2,0,1,1,2,0,1
1497c,0525c,1,1,0,1,0,1,1,3,1,0
0469b,0469c,1,2,0,1,0,0,2,1,0,1
0380a,0380b,0,1,1,0,1,0,3,1,0,1
1236c,1236b,2,3,0,1,0,1,1,1,0,1
1360b,0456a,0,1,1,2,0,0,0,1,0,0
0419a,0313c,0,0,0,2,0,0,1,0,1,0
1497c,0471c,2,0,0,0,0,1,2,2,1,0
1146b,1146c,1,0,0,0,0,1,0,3,0,1
0451b,0451c,1,1,0,2,2,0,1,0,0,1
0449c,1499b,1,1,0,1,0,1,3,4,0,0
1485c,0386a,2,2,0,3,2,1,2,3,0,0
1481b,1481c,0,0,0,2,0,1,1,0,0,1
1448b,1448c,2,2,0,0,0,0,0,0,0,1
1416b,1458a,2,1,0,3,0,0,0,1,0,0
1198a,1198b,2,0,1,1,0,2,2,2,1,1
1374c,1374a,0,2,1,2,0,2,0,1,0,1
0571a,0571c,1,4,0,2,2,2,0,0,1,1
0564a,0564b,0,1,0,2,2,1,2,1,0,1
0927a,0927b,0,4,0,1,2,1,1,1,1,1
1174a,0363b,0,0,0,0,0,2,0,3,1,0
0354b,0354c,2,1,1,1,2,2,2,2,0,1
0477a,1531a,0,1,0,1,0,2,0,3,0,0
1361b,0594a,2,2,0,3,0,0,1,0,0,0
1231a,1538c,1,0,0,0,0,1,0,0,0,0
1382c,0389c,0,2,0,0,0,0,3,1,0,0
0489b,0489a,0,4,1,0,0,0,2,2,0,1
1377a,1377b,2,1,0,3,1,1,1,2,0,1
1534c,1534a,1,0,0,1,0,2,1,0,0,1
1096a,1350a,1,0,0,1,0,0,1,2,1,0
0434b,1219a,2,3,0,1,0,1,0,0,0,0
1240a,1240b,0,1,0,2,2,1,3,2,0,1
0319a,0319b,1,3,0,1,0,0,1,0,1,1
0507a,0507b,1,0,0,0,2,1,0,2,1,1
1173c,1254a,0,1,0,2,2,1,3,1,0,0
0571b,0571c,1,1,0,1,2,1,0,1,1,1
0337b,0337c,0,0,0,2,0,1,2,1,0,1
1546b,1546a,2,0,1,3,2,2,1,1,1,1
0431c,0431a,1,2,0,3,1,0,1,1,0,1
1181a,1181c,1,2,0,0,2,2,0,2,0,1
0552b,0552c,1,2,0,3,0,0,0,2,0,1
1230a,1495a,2,0,1,3,0,1,0,0,0,0
1237c,0390c,0,1,1,2,1,0,1,2,0,0
1413a,1413c,1,3,0,2,0,1,1,1,0,1
0419a,1197c,1,1,0,1,2,0,0,3,0,0
1129c,1129b,2,1,0,3,0,0,1,2,1,1
1365a,1328c,2,3,0,0,0,1,2,2,1,0
1341a,1341c,2,1,0,2,0,0,1,2,0,1
1328a,1328c,2,0,0,1,0,1,2,1,1,1
1563a,1402b,1,1,0,0,2,1,1,3,0,0
0434b,0457a,1,1,0,3,0,0,0,1,0,0
0376c,0376b,1,1,0,2,3,1,1,2,1,1
1365c,1365b,2,2,0,2,0,0,0,2,0,1
1153a,1498b,2,0,0,0,2,0,0,1,0,0
0350b,1267c,1,1,0,3,0,1,1,3,1,0
1208b,0520a,1,4,0,0,0,0,3,2,1,0
0328b,0302a,2,2,0,0,2,1,1,2,1,0
1267a,0451b,0,0,0,3,2,0,1,0,0,0
1087a,1181c,1,0,0,1,2,2,0,2,1,0
0316b,1442b,0,1,0,0,0,0,1,0,0,0
1422a,1350c,2,0,1,0,0,1,1,2,1,0
1488a,1488b,1,1,0,0,2,1,1,1,1,1
1458a,0496c,3,3,0,0,0,0,1,0,0,0
1309a,1413b,0,0,0,0,0,1,0,0,0,0
1417b,0540a,0,1,0,1,0,0,0,0,0,0
1259a,1259b,0,4,1,3,0,2,1,1,1,1
0334b,0405c,1,0,0,1,0,0,2,1,1,0
0372a,0372b,0,0,0,0,1,1,1,1,1,1
0488b,1501a,1,3,1,0,0,2,1,3,0,0
1432a,1432b,1,3,0,0,1,1,1,3,0,1
0473a,0473c,0,1,0,3,2,1,1,3,1,1
1201b,0518c,1,4,0,1,0,0,0,0,0,0
1552a,1552b,1,1,0,2,0,1,0,0,1,1
1517a,1517b,1,0,0,2,0,0,0,1,0,1
0581c,0873b,1,4,0,0,2,0,1,1,0,0
1362a,0575c,1,0,0,2,0,1,0,0,0,0
1260b,1260c,1,1,0,1,0,1,0,1,0,1
1305a,1336b,2,0,0,3,0,1,0,4,0,0
1554a,1341a,2,1,0,2,0,1,0,1,0,0
1490c,0491b,2,0,0,3,0,1,1,2,0,0
1518a,1483b,1,2,0,3,0,0,0,0,0,0
1097a,0464a,2,2,0,3,0,1,1,4,0,0
1565b,0531b,0,1,0,0,2,1,0,0,0,0
1086c,0473c,1,0,0,2,2,2,1,2,0,0
0564a,1219c,0,3,1,1,0,0,3,1,1,0
0370a,1440b,3,4,1,2,1,1,1,3,1,0
1255b,1255c,1,0,0,1,1,0,1,2,0,1
0368b,1406a,2,2,1,1,2,0,1,0,0,0
1468b,1193a,2,3,0,1,0,1,0,2,0,0
1454b,1454a,0,3,0,0,0,0,0,1,0,1
0473b,0473c,0,3,0,2,2,0,2,1,1,1
1567b,1348c,2,2,1,1,0,0,2,0,1,0
0577b,0885c,0,0,1,3,1,1,1,2,0,0
1391b,1253a,0,4,0,0,0,0,2,2,0,0
0381b,0381c,2,3,0,3,0,0,0,2,0,1
1430a,0510b,2,0,0,3,2,0,0,0,1,0
1207c,1328b,2,1,0,1,0,0,2,0,1,0
1554a,1554c,1,1,0,1,0,1,1,0,0,1
0471b,0471c,0,0,0,3,1,1,1,0,1,1
1197c,1197b,1,2,0,4,2,1,0,0,0,1
1129b,1499c,1,1,0,3,2,0,0,1,1,0
1343b,1343c,2,1,0,1,0,2,1,3,1,1
1039c,1039a,1,3,1,0,2,1,2,1,0,1
1253c,1311c,1,1,0,1,2,1,1,2,1,0
1554a,1367a,0,1,0,1,0,1,3,1,0,0
1257b,1257a,1,3,0,2,0,1,0,0,0,1
1284a,1284c,1,0,0,0,0,1,0,2,0,1
0350c,0469b,1,2,0,2,1,1,1,1,1,0
0380a,1567c,1,0,0,1,0,0,3,1,0,0
1421a,1421b,2,1,0,3,0,0,1,1,1,1
1423a,0540a,0,2,0,0,0,1,2,2,1,0
0927a,0927c,1,1,1,2,2,1,0,1,1,1
0353b,1394c,1,1,0,1,0,1,2,0,0,0
0318c,0318b,2,0,0,3,2,0,0,4,0,1
1406b,1406c,0,0,1,3,0,0,1,0,0,1
1352a,1155b,1,1,0,2,2,1,0,2,1,0
1481a,1167a,3,1,0,1,0,0,0,1,0,0
0456a,0387a,2,0,0,0,2,1,2,1,0,0
0539a,0553b,0,3,0,3,2,0,0,1,1,0
1458b,1458c,0,3,0,3,0,0,1,2,1,1
1393a,1393b,0,3,0,3,2,0,0,1,0,1
1253c,1561b,2,0,1,2,0,0,2,1,1,0
1465a,1465b,3,3,0,1,0,1,2,0,0,1
0600a,1119c,0,0,0,3,0,1,1,1,1,0
0404c,1497c,2,2,0,0,0,0,3,0,0,0
1442a,1442b,1,0,0,3,0,0,1,3,0,1
0535a,0535b,2,4,0,1,0,0,1,3,1,1
0338a,0338c,2,3,0,3,0,1,1,1,1,1
1257b,0456a,1,3,1,2,0,0,0,0,0,0
0483a,0431c,0,2,0,3,0,0,2,2,1,0
1114a,1377c,0,0,1,1,2,1,2,3,1,0
1567c,1367c,1,3,0,1,0,2,0,1,0,0
0348b,0348c,2,0,1,1,2,1,3,1,1,1
0349a,0344c,2,0,1,1,0,1,1,1,0,0
0551c,0551a,1,1,0,1,2,2,1,1,0,1
1119a,1119b,0,0,0,3,2,1,0,0,0,1
1307a,1475a,0,0,1,3,0,0,1,1,1,0
0496f,0373b,0,3,0,1,0,1,1,2,1,0
1406a,1406c,0,2,1,0,2,0,3,0,0,1
1501b,0517a,0,1,0,2,0,1,0,1,1,0
0351c,1499b,1,1,0,2,0,0,2,2,0,0
1255a,1255b,0,0,0,1,0,0,0,4,1,1
0496c,1343a,1,4,0,3,0,1,0,1,0,0
0950a,0950b,1,1,0,0,0,1,2,1,1,1
1411a,1197a,1,4,0,2,2,0,0,1,0,0
0405c,0405b,0,0,0,3,2,0,1,1,1,1
1565b,1565c,0,0,0,3,2,0,2,0,0,1
1408c,1408a,3,0,1,3,2,1,0,1,1,1
1099c,1440b,2,0,0,0,2,0,0,1,1,0
1119a,0562c,2,1,0,3,2,1,0,1,0,0
0367a,0367b,1,0,0,0,0,0,1,2,0,1
0327c,0555a,0,3,1,1,2,1,2,2,0,0
1341a,1476a,1,1,0,0,0,1,0,1,1,0
0457a,0457c,2,1,0,3,2,0,0,2,0,1
0537a,0537c,1,1,0,0,0,0,0,1,1,1
0363b,0363a,1,1,0,0,0,1,1,0,1,1
1064c,0365c,1,0,1,2,0,1,1,1,0,0
1543b,1508a,0,3,0,2,0,0,2,4,0,0
1371c,1540c,1,1,0,0,0,1,1,3,1,0
1114a,1368c,0,0,0,0,0,1,0,0,0,0
1446a,1371c,1,0,0,3,0,1,1,1,0,0
1491a,0451a,1,0,0,0,0,1,1,3,0,0
1180a,1180b,1,0,0,2,0,0,0,0,1,1
1123c,0927b,2,0,0,2,0,1,0,3,0,0
1426c,0537c,1,2,0,3,0,1,1,2,1,0
0353b,0353c,1,1,0,0,0,2,1,1,1,1
1378b,1378a,0,3,0,0,0,1,1,3,0,1
0473a,1303a,2,2,0,0,0,0,1,3,0,0
1496a,1496c,0,3,0,0,2,1,2,2,1,1
1431a,0950a,1,0,0,0,2,1,1,2,1,0
0538a,0538b,1,0,1,0,0,1,1,3,0,1
1127a,1127c,1,3,0,3,0,0,1,1,0,1
1231b,1231c,1,4,0,3,0,0,1,2,0,1
1134a,1134b,1,4,0,2,0,0,1,2,0,1
0517c,0517a,2,1,0,3,2,2,2,1,1,1
0379b,0335c,0,0,0,0,0,1,1,0,0,0
0411b,1123c,2,2,0,2,0,0,1,3,0,0
0422b,0422c,0,4,0,0,0,0,0,0,0,1
1381a,0439a,2,3,2,3,0,0,3,1,0,0
0314c,0314a,0,0,0,3,0,1,2,1,1,1
0485b,1429a,1,1,0,2,1,1,1,2,1,0
0564a,0564c,2,0,0,1,1,2,3,1,1,1
0458a,0458b,1,1,0,3,0,0,0,3,0,1
0327c,1178a,2,3,0,2,2,1,1,1,1,0
1123b,1099c,2,2,1,2,0,0,1,2,0,0
0457a,1343c,2,3,0,2,0,1,0,0,1,0
1461a,0594c,1,4,1,3,0,2,0,2,0,0
1487c,1340c,2,1,1,3,2,0,1,2,1,0
0515a,0483b,0,0,0,3,2,1,1,0,0,0
1447a,1447c,1,0,1,2,0,1,1,2,0,1
1329b,1329c,1,0,0,3,0,0,0,0,0,1
1468a,1360a,2,0,1,0,0,0,0,2,0,0
1471c,0535b,1,1,0,2,2,1,0,3,0,0
1252c,0372b,0,1,0,3,1,0,0,1,1,0
1477b,1477c,2,0,0,1,2,0,1,1,0,1
1165b,1465c,1,1,1,0,0,0,1,0,0,0
1430a,1430c,2,1,0,3,0,0,3,0,0,1
1417c,1417a,0,0,1,3,0,1,0,1,1,1
0496f,0496d,0,3,0,1,0,0,1,1,1,1
0338c,1272a,1,0,0,1,0,1,1,2,0,0
1282b,1282c,1,1,1,0,0,0,1,0,0,1
0421b,0421c,1,0,0,0,2,0,1,1,1,1
1538c,1204b,2,1,0,3,1,2,1,4,0,0
1521c,1521b,3,0,0,1,2,0,2,3,0,1
1178a,1178c,1,0,0,0,0,0,1,3,0,1
0419a,1262a,2,3,0,2,0,1,0,3,0,0
0328b,0387a,0,1,1,1,2,2,2,1,0,0
1565a,0422b,0,0,0,3,0,0,0,2,0,0
0474b,1500a,1,3,0,1,0,0,2,0,0,0
1465a,1485c,0,0,0,3,0,1,2,1,0,0
1363b,1363a,0,1,0,0,2,1,2,1,1,1
0492a,0492b,1,4,0,1,0,1,1,1,0,1
1144c,1440c,1,3,0,1,0,2,0,2,0,0
1426b,1426a,0,1,0,1,0,1,1,2,1,1
1363a,1363c,0,1,1,0,2,1,2,2,1,1
1475c,0324a,3,1,0,3,1,1,2,1,0,0
1486a,1411b,2,1,0,3,0,1,1,0,0,0
1429c,1429a,1,2,0,1,0,0,1,0,1,1
1294a,1294b,0,1,0,0,0,1,0,3,1,1
1120b,1120c,1,0,0,0,0,0,0,2,0,1
0340a,0350a,0,2,0,0,1,1,0,1,0,0
1358a,0537c,0,1,0,2,1,0,2,4,1,0
1365b,1367b,1,3,1,2,0,1,1,3,0,0
1377b,1377c,2,0,1,2,1,1,1,3,0,1
1222a,1143c,1,0,1,2,1,1,3,2,0,0
1432c,1432a,0,2,0,0,0,1,0,1,0,1
0458c,0458b,0,2,0,3,0,0,1,0,0,1
0544a,0544c,1,3,0,3,0,0,2,1,0,1
1445a,0507c,3,3,0,2,0,1,0,2,0,0
0555c,0555a,2,4,1,1,2,0,3,0,1,1
0547a,0469a,0,1,1,0,0,0,3,3,0,0
1180b,1180c,1,3,0,0,0,1,1,2,1,1
1196b,1196c,1,1,0,1,0,1,2,1,1,1
0892a,0366b,2,1,1,3,1,1,0,2,0,0
1504c,1504b,3,0,0,3,1,1,0,2,1,1
1305a,1305c,0,0,0,3,0,0,0,1,0,1
0565a,0565c,0,0,0,2,0,0,1,0,0,1
0323a,0323b,0,4,2,3,2,1,2,1,1,1
0355c,0336a,0,1,0,2,0,1,1,2,0,0
1487a,1487c,1,0,0,0,2,2,0,2,1,1
1248a,1248b,1,0,0,2,0,0,1,4,0,1
0491b,1442a,1,1,0,0,0,1,1,1,0,0
1495a,1495c,1,0,1,3,2,1,1,1,1,1
1391a,0340b,2,0,0,2,0,2,0,0,0,0
1137a,1374c,2,1,0,0,0,0,0,2,0,0
0471a,1174b,1,4,0,2,1,1,1,3,0,0
0335a,0335c,2,0,0,2,0,1,0,3,0,1
1036b,1414c,1,2,1,1,1,1,1,2,1,0
1273a,0413b,0,1,0,3,0,1,1,2,1,0
1204a,1204b,2,1,0,3,1,1,1,4,0,1
1547a,0520a,0,0,0,1,0,0,3,1,0,0
1450a,1450c,0,1,0,2,0,1,1,2,1,1
1260a,1425c,1,3,0,0,0,1,0,3,0,0
0429b,0525a,0,1,0,0,0,2,0,3,1,0
1446a,1446b,0,0,0,2,0,0,1,0,0,1
1123b,0352c,3,2,0,1,0,1,0,2,0,0
1461b,0301b,1,1,0,2,0,2,0,0,0,0
0340a,0368c,0,1,1,2,0,0,1,0,0,0
1343c,1103a,3,2,1,0,2,0,1,1,0,0
1378b,0321a,1,0,0,0,0,1,0,1,1,0
1424b,1424c,2,0,0,3,2,0,1,1,1,1
1486a,1494a,0,0,0,1,0,0,0,0,0,0
1237a,1149c,1,0,1,2,0,1,3,2,0,0
1454a,1498b,0,3,0,2,2,0,1,0,0,0
0595c,0434a,0,1,1,1,2,0,0,4,0,0
0404c,1125b,1,1,1,1,1,0,1,2,1,0
1433a,1433c,1,2,0,0,0,0,0,0,0,1
1504b,1083a,3,3,1,1,1,1,1,3,1,0
0334b,0334c,1,4,0,3,2,0,3,1,0,1
1364c,0492b,0,2,0,0,0,1,0,0,0,0
1252a,1252c,2,1,0,3,0,1,1,2,1,1
1565a,1365b,2,0,0,0,0,0,1,1,0,0
0307a,0307b,1,0,0,3,0,0,1,2,0,1
0531a,1544a,1,2,0,1,0,0,3,1,0,0
1361b,1507b,0,0,0,2,0,0,3,4,0,0
1447c,0448b,1,1,1,1,2,0,1,0,1,0
1289a,1452b,1,1,0,3,0,1,0,1,0,0
1490b,1221c,1,1,0,3,0,1,0,1,0,0
1343a,1343b,0,1,0,0,0,2,1,4,0,1
0577a,0577c,1,0,0,1,0,1,0,1,0,1
0307b,0553b,1,1,0,0,2,0,0,1,1,0
1489c,1430a,0,3,0,0,0,1,2,2,0,0
0440c,0440b,1,3,0,2,2,1,1,4,1,1
0328b,1143c,1,1,0,1,1,1,3,2,0,0
1538b,0324a,2,0,0,3,1,0,1,2,1,0
0306a,0306b,1,0,1,0,0,0,0,1,0,1
0327b,0315b,2,0,1,1,1,1,1,0,0,0
0496a,0517c,2,3,0,3,2,1,2,0,1,0
0489c,0421b,1,1,0,0,2,0,1,2,1,0
1491a,1491b,1,0,0,0,0,0,1,2,1,1
1289a,1289c,1,0,0,3,0,1,1,1,0,1
1302b,1302c,1,0,0,3,0,0,0,1,0,1
0536b,0450c,0,1,1,2,2,1,0,2,1,0
1405b,1405c,1,2,0,0,2,0,1,0,1,1
0576c,0577c,1,3,0,0,0,1,0,2,0,0
0562a,0562c,3,1,0,0,0,1,1,2,0,1
0335b,0335c,0,3,0,0,0,1,0,2,0,1
1121a,1551c,0,3,0,0,0,0,3,1,0,0
0472c,0563a,1,0,0,0,2,0,3,0,1,0
1164c,1134c,1,0,0,3,0,1,3,2,0,0
1391a,1538c,3,2,0,3,0,2,1,3,0,0
1091b,1091a,2,0,1,4,0,0,1,3,1,1
0469a,0469b,1,1,0,1,2,0,2,3,1,1
0319b,0429a,1,1,0,2,0,0,0,2,1,0
0365a,0365c,0,2,1,3,2,1,1,1,1,1
1231a,1231c,0,2,0,3,0,0,0,3,0,1
0367b,0367c,2,0,0,3,0,0,1,1,0,1
1512b,1512c,0,1,0,1,0,0,1,3,0,1
0315b,0540c,0,0,0,2,2,1,1,0,0,0
0897c,0317a,1,3,1,1,2,2,0,1,1,0
1429b,0333a,0,0,0,3,2,1,2,1,0,0
1240a,1240c,1,1,1,3,0,1,2,0,0,1
1528c,1146b,2,1,0,0,0,1,1,1,0,0
1383c,0457b,0,3,1,0,0,0,2,1,0,0
1303a,1367c,2,3,0,3,2,2,0,1,0,0
1352b,1352a,0,1,0,2,0,0,1,3,0,1
1178b,1178c,1,4,0,0,2,0,2,1,0,1
1393a,1393c,1,0,0,0,0,0,1,2,0,1
1531b,1178a,1,3,0,0,2,1,1,0,0,0
0413a,0324a,1,1,0,1,1,1,1,2,1,0
1365b,0471c,0,4,0,0,0,1,0,2,1,0
1486a,1486b,1,0,0,0,0,1,1,3,0,1
1300b,1300c,1,0,0,0,0,1,1,1,0,1
0302a,0302b,0,2,1,3,3,1,2,3,1,1
1344b,1344c,0,3,0,0,0,0,1,2,0,1
1417a,0385c,1,1,1,0,1,1,1,2,0,0
1364c,1286c,0,1,0,1,0,1,2,0,0,0
1567b,0517c,2,0,1,1,2,0,3,2,1,0
1302a,1300a,1,0,0,2,0,0,0,1,0,0
0301a,0301b,0,1,0,2,0,1,1,4,0,1
0337a,0337c,1,3,0,2,0,1,2,1,1,1
1475a,1475b,2,0,0,3,0,0,1,1,0,1
0405c,1360c,1,1,0,1,1,0,0,1,0,0
1289b,1289c,0,3,0,0,0,0,1,2,0,1
0431b,0431a,0,2,1,2,1,1,3,0,0,1
1328a,1487c,0,0,0,1,2,2,0,0,1,0
1220b,0540c,2,0,1,3,2,1,1,1,1,0
1386a,1463a,1,0,0,0,0,0,1,2,1,0
0301a,0301c,2,1,0,4,2,0,1,3,0,1
1513a,1319b,0,4,1,0,0,1,2,2,0,0
1444b,0924b,0,0,0,2,2,0,1,0,0,0
1454a,1178b,1,4,0,0,0,0,2,0,0,0
1425c,1377a,1,2,0,2,2,2,0,1,0,0
1386a,0335a,0,0,0,2,0,0,1,3,0,0
0337a,0337b,1,3,0,0,0,0,0,2,1,1
1222c,0330a,1,1,0,1,0,0,1,1,0,0
1286b,1286c,1,3,0,1,0,2,3,1,0,1
1409a,1409c,3,2,0,3,0,0,1,2,1,1
1335b,1335c,0,1,0,3,0,0,1,1,1,1
0372a,1328c,0,0,0,0,0,1,2,0,0,0
1286a,1286b,2,2,0,3,0,2,1,1,0,1
1219b,1219c,0,4,1,1,0,2,0,2,0,1
0319c,0319b,1,1,1,1,0,1,0,0,1,1
1222c,0923a,2,0,0,1,1,0,1,0,1,0
0575c,1254a,1,0,0,0,0,2,3,3,0,0
0327a,1319b,1,3,1,2,0,2,2,3,0,0
1227a,0560a,1,3,0,3,2,1,0,2,0,0
0445a,0445c,0,2,0,3,0,0,0,1,0,1
1343a,1429c,2,0,0,3,0,1,0,0,0,0
0587a,0587c,0,3,1,1,0,1,1,3,0,1
1492a,1441c,0,0,0,2,0,1,1,1,1,0
0357a,0357c,3,2,0,0,2,1,2,2,1,1
0491c,0491a,0,1,0,1,0,1,0,2,1,1
1236b,1441a,2,3,0,1,0,0,1,1,0,0
1545a,1545c,2,0,0,3,0,1,1,1,0,1
0372a,1222a,1,0,1,1,0,0,0,2,1,0
1219a,1260a,3,0,0,0,0,1,0,4,0,0
1146a,0492b,2,4,0,0,0,1,0,3,0,0
0569c,0569a,0,0,1,2,0,1,3,0,0,1
0496e,0405a,1,1,1,1,0,0,1,0,1,0
0355c,0355a,2,1,0,2,0,2,0,2,0,1
0317b,0317c,0,4,0,2,2,1,1,0,0,1
0553b,0370a,1,1,0,0,1,1,0,0,1,0
0379c,1146b,0,1,0,1,0,1,1,2,0,0
0424a,0424c,1,1,0,3,0,0,3,2,0,1
1518c,1219b,0,1,0,0,0,0,0,2,0,0
0525a,0525b,1,1,1,3,0,1,1,2,1,1
1485a,1485c,0,0,0,3,0,1,1,1,0,1
0374b,0374a,1,2,1,3,0,1,3,2,0,1
0373b,0373c,1,1,0,2,0,2,1,4,1,1
0472a,1563a,3,0,0,0,0,0,0,0,0,0
1036c,0324a,1,2,0,0,1,0,1,3,0,0
1443c,1443b,2,0,0,1,2,1,1,2,0,1
1097a,1171a,2,0,0,3,0,1,0,4,0,0
0366a,0550b,1,4,0,3,0,0,0,1,0,0
1365a,1365b,3,0,0,0,0,1,1,3,0,1
1257c,1257a,2,0,0,1,0,1,0,1,0,1
1230a,0333b,2,0,0,0,0,1,1,2,0,0
0301b,0540c,1,0,1,2,2,1,0,3,0,0
1431a,0546c,1,1,0,0,0,0,0,1,0,0
0923a,0916a,1,0,0,1,1,0,2,1,1,0
1201a,1340c,1,1,1,0,0,1,1,1,0,0
1230c,1230b,1,3,1,0,0,0,1,1,0,1
1181c,1443b,0,1,0,2,0,1,2,4,1,0
1444a,1444b,1,1,0,1,0,1,0,3,1,1
1302a,1302b,1,0,0,3,0,0,0,2,0,1
0429b,0348c,2,0,1,1,0,1,2,1,0,0
1531b,1531c,1,0,0,3,0,2,0,1,0,1
0381a,0381c,0,4,0,0,0,1,0,1,0,1
0564c,0401c,1,2,0,2,1,2,0,1,0,0
1137b,1137c,1,1,0,0,0,1,0,3,0,1
0373a,0373b,1,1,0,1,2,1,0,2,1,1
0338c,1426a,2,1,0,2,0,0,0,0,0,0
1409a,0469a,1,1,0,2,2,0,3,0,0,0
0571c,0873b,2,0,1,2,0,1,0,2,1,0
1528c,1325a,3,0,0,3,1,0,0,1,0,0
0421c,0421a,2,2,0,2,0,1,2,2,1,1
1454b,1454c,1,0,0,3,0,0,1,4,0,1
1440c,1440b,2,0,1,1,2,1,0,2,1,1
1236c,1286b,2,3,0,1,0,0,0,3,0,0
1362a,1362c,0,1,0,3,0,0,0,2,0,1
1181a,1334c,2,4,0,3,0,2,1,0,0,0
1323c,0405b,0,0,0,3,2,0,3,1,1,0
1267a,1267b,0,1,0,2,0,0,2,1,1,1
1201b,1319a,0,0,0,0,0,1,3,0,0,0
0340a,0340b,2,4,0,1,0,2,1,1,0,1
0333b,0333a,0,0,0,3,0,2,1,1,1,1
1394c,0581c,1,2,1,3,0,0,2,0,1,0
1164a,1164b,0,0,1,0,1,1,0,0,0,1
0584a,0584b,1,0,0,0,0,0,1,2,0,1
1120a,1120c,0,0,0,3,0,0,0,2,0,1
1208a,1208c,0,3,0,0,2,1,3,0,0,1
0374c,0374a,0,1,1,3,0,1,0,3,0,1
1227b,1329c,3,0,0,3,0,1,3,4,0,0
0483a,1152a,1,2,1,1,0,1,0,1,1,0
1432c,1475a,1,1,1,0,0,0,1,0,0,0
0411a,1484c,2,0,0,0,2,0,1,2,1,0
1147c,0547a,2,2,1,0,0,0,0,3,0,0
0319a,0319c,0,4,1,0,0,1,1,0,0,1
1545b,1545c,0,0,0,3,2,1,0,0,0,1
1547a,1547c,0,4,0,2,0,2,0,2,0,1
1229c,1260b,0,0,1,1,0,1,0,2,0,0
1164a,0489a,1,3,2,2,0,2,0,1,0,0
1458a,1374c,3,1,0,3,0,1,1,2,0,0
0380a,0570a,1,3,1,0,2,0,2,2,0,0
1475a,1475c,2,0,1,3,2,1,2,2,0,1
0460b,1419b,0,3,0,1,2,2,2,3,1,0
0927c,0387a,2,0,0,0,2,0,2,1,0,0
0340a,1212c,1,0,0,0,2,1,1,0,1,0
0357b,1273c,1,0,1,3,1,1,1,2,0,0
1394b,0401b,1,1,2,2,0,2,2,1,0,0
1120a,1120b,1,0,0,3,0,0,0,0,0,1
1454c,1454a,1,3,0,3,0,0,1,3,0,1
0363c,0515a,0,0,0,3,0,0,1,2,1,0
0552a,1371c,0,0,0,0,0,1,1,1,1,0
1377a,1377c,0,1,1,1,2,0,0,1,0,1
1194a,1194c,1,0,1,0,0,1,1,1,1,1
1375a,1260b,1,1,0,0,0,1,1,3,0,0
1226c,0413b,1,1,1,3,0,1,2,2,1,0
0471a,0471b,1,4,0,1,1,1,0,1,0,1
1149b,1149c,1,3,0,0,0,1,2,3,0,1
1153b,1153c,2,3,0,3,1,0,1,1,0,1
1565a,1565c,0,3,0,3,0,0,2,1,0,1
1252a,1416c,2,3,0,0,0,0,1,1,0,0
1375b,1375c,2,0,0,3,0,0,0,3,0,1
0496d,0496a,1,3,0,1,0,1,1,1,1,1
1463b,1463c,2,1,0,3,0,1,0,0,0,1
1300a,1563a,1,0,0,2,0,1,0,1,0,0
